,VIN,condition,cylinders,drive,fuel,odometer,paint color,size,title status,transmission,type,Title,Price,links
0, 1HGCP36819A032486, like new,, fwd, gas, 111500, white, full-size, clean, automatic, sedan,2009 HONDA ACCORD EX-L Pearl White CLEAN TITLE Leather Seats OBO,$7200,https://losangeles.craigslist.org/lgb/cto/d/2009-honda-accord-ex-pearl/6709947784.html
1,, like new, 4 cylinders,, gas, 26000,,, salvage, automatic,,2017 Honda Accord Sport special Edition,$15290,https://losangeles.craigslist.org/lac/cto/d/2017-honda-accord-sport/6709886220.html
2, 1HGCP26499A197306, excellent, 4 cylinders,, gas, 100000,,, clean, automatic,,2009 Honda Accord LX-p 4D Sedan 100K miles *NO ACCIDENT  * XLNT,$6400,https://losangeles.craigslist.org/lac/cto/d/2009-honda-accord-lx-4d-sedan/6700479922.html
3, 1HGCS2B82CA001446, excellent, 6 cylinders, fwd, gas, 50000, black, compact, salvage, automatic, coupe,2012 Honda Accord EXL Fully Loaded,$8200,https://losangeles.craigslist.org/sfv/cto/d/2012-honda-accord-exl-fully/6709746902.html
4,, good, 4 cylinders, fwd, gas, 120, silver, mid-size, salvage, automatic,,2008 honda accord,$5600,https://losangeles.craigslist.org/lgb/cto/d/2008-honda-accord/6707353739.html
5,, excellent, 4 cylinders, fwd, gas, 13000, silver,, salvage, automatic, sedan,2017 Honda Accord Sport Special Edition Silver,$15400,https://losangeles.craigslist.org/ant/cto/d/2017-honda-accord-sport/6704048115.html
6,, excellent, 4 cylinders, fwd, gas, 11000, black,, clean, automatic, sedan,2017 HONDA ACCORD. LX CLEAN TITLE,$15500,https://losangeles.craigslist.org/wst/cto/d/2017-honda-accord-lx-clean/6709625260.html
7,, like new, 4 cylinders, fwd, gas, 38406, black, compact, clean, manual, sedan,2014 Honda Accord Sport Model,$15500,https://losangeles.craigslist.org/sgv/cto/d/2014-honda-accord-sport-model/6709462627.html
8,, excellent, 4 cylinders, rwd, gas, 72000, red, full-size, clean, automatic, sedan,2012 Honda Accord EX-L,$10900,https://losangeles.craigslist.org/wst/cto/d/2012-honda-accord-ex/6709462166.html
9, 1HGCP36829A030777, excellent,,, gas, 108953, grey,, clean, automatic,,2009 Honda Accord EX-L V6 4-Door Sedan,$9995,https://losangeles.craigslist.org/lac/cto/d/2009-honda-accord-ex-v6-4/6709348524.html
10,, good, 4 cylinders, fwd, gas, 108523, grey, compact, clean, automatic, sedan,2013 Honda Accord sport,$5200,https://losangeles.craigslist.org/lac/cto/d/2013-honda-accord-sport/6709313665.html
11,, like new, 4 cylinders, fwd, gas, 38200, grey, full-size, salvage, automatic, sedan,2017 HONDA ACCORD LX,$10900,https://losangeles.craigslist.org/lac/cto/d/2017-honda-accord-lx/6709233077.html
12,, excellent, 4 cylinders, fwd, gas, 65400, white, mid-size, clean, automatic, coupe,2013 HONDA ACCORD EX COUPE ***ONE OF ITS KIND***,$13995,https://losangeles.craigslist.org/sgv/cto/d/2013-honda-accord-ex-coupe/6709209495.html
13, 1HGCP26499A197306, excellent, 4 cylinders,, gas, 100000,,, clean, other,,2009 HONDA ACCORD LX-p 4door 100K^ NO ACCIDENT ^ Excellent RUN!,$6500,https://losangeles.craigslist.org/lac/cto/d/2009-honda-accord-lx-4door/6702903705.html
14,, like new, 4 cylinders,, gas, 102, red,, clean, automatic, sedan,2013 HONDA ACCORD LX CLEAN TITLE CLEAN CAR FAX,$10450,https://losangeles.craigslist.org/lac/cto/d/2013-honda-accord-lx-clean/6704263193.html
15, see photo, excellent, 4 cylinders, fwd, gas, 80000, silver, compact, salvage, automatic, sedan,2011 Honda accord SE sedan automatic clean car!,$6999,https://losangeles.craigslist.org/wst/cto/d/2011-honda-accord-se-sedan/6687397825.html
16, 1HGCP26499A197306, excellent, 4 cylinders,, gas, 100000,,, clean, automatic,,2009 Honda Accord LX-p 4door Sedan 100K ^NO ACCIDENT ^Original OWNER,$6450,https://losangeles.craigslist.org/lac/cto/d/2009-honda-accord-lx-4door/6701252571.html
17,, excellent, 4 cylinders,, gas, 111,,, clean, automatic,,2012 Honda accord coupe,$7995,https://losangeles.craigslist.org/wst/cto/d/2012-honda-accord-coupe/6699535701.html
18,, new, 4 cylinders,, gas, 14000, red,, rebuilt, automatic,,2017 HONDA ACCORD SPORT,$14500,https://losangeles.craigslist.org/lgb/cto/d/2017-honda-accord-sport/6703421284.html
19,, good, 6 cylinders, fwd, gas, 150000, green, full-size, clean, automatic, sedan,Honda Accord V6 Ex edition,$6200,https://losangeles.craigslist.org/sfv/cto/d/honda-accord-v6-ex-edition/6704500067.html
20, 1HGCR2F5XFA063578, excellent, 4 cylinders, fwd, gas, 35000, silver, mid-size, clean, automatic, sedan,2015 HONDA ACCORD SPORT SEDAN,$16600,https://losangeles.craigslist.org/wst/cto/d/2015-honda-accord-sport-sedan/6688180883.html
21,, like new, 4 cylinders, fwd, gas, 29000, silver, compact, salvage, automatic, sedan,2016 Honda Accord Sport,$13990,https://losangeles.craigslist.org/lac/cto/d/2016-honda-accord-sport/6708622001.html
22,, like new, 4 cylinders, fwd, gas, 24000,, compact, salvage, automatic,,2012 Honda accord exl,$8900,https://losangeles.craigslist.org/lac/cto/d/2012-honda-accord-exl/6703748227.html
23,, excellent, 4 cylinders, fwd, gas, 155000, grey, full-size, clean, automatic, sedan,2012 Honda Accord,$7500,https://losangeles.craigslist.org/wst/cto/d/2012-honda-accord/6708603548.html
24,, excellent, 6 cylinders, fwd, gas, 208000, grey, compact, clean, automatic,,2008 Honda Accord EX fully loaded,$6500,https://losangeles.craigslist.org/sgv/cto/d/2008-honda-accord-ex-fully/6699135122.html
25,, excellent, 4 cylinders, fwd, gas, 94000, silver,, clean, automatic, coupe,Honda Accord 2012**cash only,$11000,https://losangeles.craigslist.org/ant/cto/d/honda-accord-2012cash-only/6708592352.html
26,, like new, 4 cylinders,, gas, 61000,,, salvage, automatic,,Honda Accord 2015 palmdale,$9500,https://losangeles.craigslist.org/ant/cto/d/honda-accord-2015-palmdale/6708565354.html
27,, like new, 4 cylinders, fwd, gas, 52000, green, full-size, clean, automatic, sedan,2013 Honda Accord for SALE!,$14500,https://losangeles.craigslist.org/sfv/cto/d/2013-honda-accord-for-sale/6708499980.html
28,, good, 4 cylinders, fwd, gas, 120, silver,, salvage, automatic, sedan,2008 honda accord,$5500,https://losangeles.craigslist.org/lac/cto/d/2008-honda-accord/6708453668.html
29,, good, 4 cylinders, fwd, gas, 144000, white, full-size, salvage, automatic, sedan,2008 Honda Accord,$5400,https://losangeles.craigslist.org/wst/cto/d/2008-honda-accord/6682677984.html
30,, good, 6 cylinders, fwd, gas, 142000, grey, mid-size, salvage, automatic, sedan,Honda accord exl 2008,$4800,https://losangeles.craigslist.org/sfv/cto/d/honda-accord-exl-2008/6694650816.html
31, 1HGCR2F37EA253027, like new, 4 cylinders, fwd, gas, 54475, black, compact, clean, automatic, sedan,2014 HONDA ACCORD LX SEDAN,$12900,https://losangeles.craigslist.org/sfv/cto/d/2014-honda-accord-lx-sedan/6692479648.html
32, 1HGCR2F37EA253027, like new, 4 cylinders, fwd, gas, 54475, black, compact, salvage, automatic, sedan,2014 HONDA ACCORD LX SEDAN,$12900,https://losangeles.craigslist.org/lac/cto/d/2014-honda-accord-lx-sedan/6692511588.html
33, 1HGCR2F37EA253027, like new, 4 cylinders, fwd, gas, 54475, black, compact, clean, automatic, sedan,2014 HONDA ACCORD LX SEDAN,$12900,https://losangeles.craigslist.org/sgv/cto/d/2014-honda-accord-lx-sedan/6692518958.html
34, 1HGCR2F37EA253027, like new, 4 cylinders, fwd, gas, 54475, black, compact, clean, automatic, sedan,2014 HONDA ACCORD LX SEDAN 4D,$12900,https://losangeles.craigslist.org/wst/cto/d/2014-honda-accord-lx-sedan-4d/6686681959.html
35,, good, 4 cylinders,, gas, 161077, black,, clean, automatic, sedan,* * 2008 HONDA ACCORD EX-L * * NAVIGATION * BLUETOOTH * CLEAN TITLE,$5995,https://losangeles.craigslist.org/sfv/cto/d/2008-honda-accord-ex/6705359460.html
36, 1HGCP36828A023763, like new, 6 cylinders,, gas, 158358, black,, clean, automatic,,2008 Honda accord,$7999,https://losangeles.craigslist.org/lac/cto/d/2008-honda-accord/6708222233.html
37, 1HGCP26499A197306, excellent, 4 cylinders,, gas, 100000,,, clean, automatic,,"* 2009 Honda Accord LX-p 4Door Sedan 100K * NO ACCIDENT ,PERFE RUN !!!",$6450,https://losangeles.craigslist.org/lac/cto/d/2009-honda-accord-lx-4door/6694133929.html
38,, new, 4 cylinders, fwd, gas, 25000, blue, full-size, salvage, automatic, sedan,2015 HONDA ACCORD LX  (25K),$9900,https://losangeles.craigslist.org/lac/cto/d/2015-honda-accord-lx-25k/6700145101.html
39,, excellent, 4 cylinders, fwd, gas, 119000, black, mid-size, clean, automatic,,2014 honda accord ex,$9999,https://losangeles.craigslist.org/lac/cto/d/2014-honda-accord-ex/6708242860.html
40,, excellent, 4 cylinders, fwd, gas, 73,,, salvage, automatic,,2012 Honda Accord EX Sport - Super Low Leather!!Miles - 4 Doors,$7490,https://losangeles.craigslist.org/wst/cto/d/2012-honda-accord-ex-sport/6708224829.html
41,, excellent, 4 cylinders, fwd, gas, 158000, grey, full-size, clean, automatic, sedan,2009 Honda accord 4  door,$5300,https://losangeles.craigslist.org/wst/cto/d/2009-honda-accord-4-door/6704199083.html
42,, excellent,,, gas, 95000, blue,, salvage, automatic,,2011 Honda Accord,$7000,https://losangeles.craigslist.org/lgb/cto/d/2011-honda-accord/6696270634.html
43,, like new, 4 cylinders, fwd, gas, 104700, silver, compact, clean, automatic, sedan,Honda Accord 2015,$12900,https://losangeles.craigslist.org/lac/cto/d/honda-accord-2015/6708101474.html
44,, excellent, 4 cylinders, fwd, gas, 13000, silver,, salvage, automatic, sedan,2017 Honda Accord Sport Silver Special Edition,$15400,https://losangeles.craigslist.org/sfv/cto/d/2017-honda-accord-sport/6705147125.html
45, Xxxxxxxxxxx, excellent, 6 cylinders, fwd, gas, 84323, white, compact, salvage, automatic, sedan,Vendo honda accord 2009,$5600,https://losangeles.craigslist.org/lac/cto/d/vendo-honda-accord-2009/6707960687.html
46,, excellent, 6 cylinders, fwd, gas, 84245, white, compact, salvage, automatic, sedan,2009 HONDA ACCORD EXL,$5600,https://losangeles.craigslist.org/lac/cto/d/2009-honda-accord-exl/6707894115.html
47, 1HGCP26499A197306, excellent, 4 cylinders, fwd, gas, 100000,,, clean, automatic,,2009 HONDA ACCORD LX-p 4door Sedan 100K miles * NO ACCIDENT * XLNT,$6500,https://losangeles.craigslist.org/lac/cto/d/2009-honda-accord-lx-4door/6705335300.html
48, 1HGCR2F72EA172102, like new, 4 cylinders,, gas, 56900, black,, clean, automatic, sedan,"Honda Accord EX Sedan (56,900 Miles) Clean Title, Clean Carfax,1 Owner",$13400,https://losangeles.craigslist.org/sfv/cto/d/honda-accord-ex-sedanmiles/6692303055.html
49, 1HGCR2F72EA172102, like new, 4 cylinders,, gas, 56900, black,, clean, automatic, sedan,"Honda Accord EX Sedan (56,900 Miles) Clean Title, Clean Carfax,1 Owner",$13400,https://losangeles.craigslist.org/sgv/cto/d/honda-accord-ex-sedanmiles/6685413365.html
50, 1HGCR2F72EA172102, like new, 4 cylinders,, gas, 56900, black,, clean, automatic, sedan,"Honda Accord EX Sedan (56,900 Miles) Clean Title, Clean Carfax,1 Owner",$13400,https://losangeles.craigslist.org/lac/cto/d/honda-accord-ex-sedanmiles/6692302788.html
51,, excellent, 4 cylinders,, gas, 148047, blue,, clean, automatic, sedan,2008 honda accord,$6200,https://losangeles.craigslist.org/lac/cto/d/2008-honda-accord/6707710168.html
52, IHGCS12889A018609, good, 4 cylinders, fwd, gas, 101347, grey, compact, salvage, automatic, coupe,AUTO,$6000,https://losangeles.craigslist.org/sfv/cto/d/auto/6682000922.html
53,, excellent, 6 cylinders, fwd, gas, 208000, grey, compact, clean, automatic,,2008 Honda Accord EX fully loaded,$6500,https://losangeles.craigslist.org/sgv/cto/d/2008-honda-accord-ex-fully/6707621497.html
54,, excellent, 4 cylinders, fwd, gas, 19000, silver, full-size, clean, automatic, sedan,2017 Honda Accord only 19k miles,$18900,https://losangeles.craigslist.org/ant/cto/d/2017-honda-accord-only-19k/6704717168.html
55, 1HGCR2F54GA055221, excellent, 4 cylinders, fwd, gas, 30351, silver, full-size, clean, automatic, sedan,2016 Honda Accord Sport,$20995,https://losangeles.craigslist.org/sgv/cto/d/2016-honda-accord-sport/6707584391.html
56,, good, 4 cylinders, rwd, gas, 61, grey, mid-size, salvage, automatic, sedan,Salvage,$10500,https://losangeles.craigslist.org/sfv/cto/d/salvage/6707553220.html
57,, good, 4 cylinders, rwd, gas, 61, grey, mid-size, salvage, automatic, sedan,Salvage,$10500,https://losangeles.craigslist.org/sfv/cto/d/salvage/6707552788.html
58,, like new, 4 cylinders, fwd, gas, 9000, silver, mid-size, salvage, automatic, sedan,2017 Honda Accord Sport Sedan,$15500,https://losangeles.craigslist.org/lac/cto/d/2017-honda-accord-sport-sedan/6704607538.html
59,, excellent, 4 cylinders, fwd, gas, 039000, white, mid-size, clean, automatic, coupe,2015 Honda Accord Coupe,$14500,https://losangeles.craigslist.org/lac/cto/d/2015-honda-accord-coupe/6707347069.html
60,, excellent, 6 cylinders, fwd, gas, 95500, black, full-size, clean, automatic, sedan,2010 Honda Accord EX-L V6 (clean title),$9700,https://losangeles.craigslist.org/lac/cto/d/2010-honda-accord-ex-v6-clean/6687613844.html
61,, excellent, 4 cylinders, rwd, gas, 85000, custom,, clean, automatic, sedan,2014 HONDA ACCORD SPORT(Clean Title 85k ML),$13500,https://losangeles.craigslist.org/sfv/cto/d/2014-honda-accord-sportclean/6704120404.html
62,, like new, 6 cylinders, fwd, gas, 21000, grey, mid-size, clean, automatic, sedan,2017 Honda Accord EX-L V6,$25900,https://losangeles.craigslist.org/sfv/cto/d/2017-honda-accord-ex-v6/6704045437.html
63,, like new, 4 cylinders, fwd, gas, 21000, silver, full-size, clean, automatic, sedan,17 Honda accord sport,$19500,https://losangeles.craigslist.org/sgv/cto/d/17-honda-accord-sport/6706815242.html
64, 1HGCR2F30FA184196, like new,,, gas, 30600, black,, clean, automatic,,2015 Honda Accord 30k not fake,$14000,https://losangeles.craigslist.org/sfv/cto/d/2015-honda-accord-30k-not-fake/6699737245.html
65, 1HGCR2F38FA127812, like new, 4 cylinders, fwd, gas, 52200, black, full-size, clean, automatic, sedan,2015 Honda Accord LX,$13300,https://losangeles.craigslist.org/sgv/cto/d/2015-honda-accord-lx/6704787760.html
66,, good, 6 cylinders,, gas, 109000, white,, clean, automatic,,2008 Honda Accord EXL,$5800,https://losangeles.craigslist.org/wst/cto/d/2008-honda-accord-exl/6686175255.html
67,, excellent, 6 cylinders, fwd, gas, 92000, white, mid-size, clean, automatic, sedan,Honda Accord V6 2008,$5500,https://losangeles.craigslist.org/lac/cto/d/honda-accord-v6-2008/6703456147.html
68,, good, 4 cylinders, fwd, gas, 140900, grey, mid-size, clean, automatic, sedan,HONDA ACCORD LX 2009,$5900,https://losangeles.craigslist.org/wst/cto/d/honda-accord-lx-2009/6706721479.html
69,, excellent, 4 cylinders, fwd, gas, 43,,, clean, automatic, sedan,2015 Honda Accord SPORT 4dr Sedan,$12300,https://losangeles.craigslist.org/sgv/cto/d/2015-honda-accord-sport-4dr/6695572777.html
70, 1HGCS2B86AA003035, excellent, 6 cylinders, fwd, gas, 90000, black,, clean, automatic, coupe,2010 Honda Accord Coupe EX-L V6 Fully Loaded,$14899,https://losangeles.craigslist.org/sfv/cto/d/2010-honda-accord-coupe-ex-v6/6706603787.html
71,, excellent, 4 cylinders, fwd, gas, 4300, grey,, rebuilt, automatic,,2016 honda accord LX,$14300,https://losangeles.craigslist.org/lac/cto/d/2016-honda-accord-lx/6706493762.html
72, 1HGCR2F75FA067328, excellent, 4 cylinders, fwd, gas, 67787, white,, clean, automatic,,2015 Honda Accord EX Sedan 4D,$15999,https://losangeles.craigslist.org/sgv/cto/d/2015-honda-accord-ex-sedan-4d/6686106194.html
73, 1HGCR2F75FA067328, excellent, 4 cylinders, fwd, gas, 67787, white, mid-size, clean, automatic, sedan,2015 Honda Accord EX Sedan 4D,$15999,https://losangeles.craigslist.org/lgb/cto/d/2015-honda-accord-ex-sedan-4d/6697243649.html
74,, good, 4 cylinders, fwd, gas, 22, black, mid-size, salvage, automatic, sedan,2017 Honda Acoord Sport,$14500,https://losangeles.craigslist.org/lgb/cto/d/2017-honda-acoord-sport/6703846822.html
75,, like new, 4 cylinders,, gas, 51000,,, salvage, automatic,,2016 Honda Accord in good condition 51k miles,$12500,https://losangeles.craigslist.org/sfv/cto/d/2016-honda-accord-in-good/6697166725.html
76,, excellent,,, gas, 44000,,, salvage, automatic,,2014 HONDA ACCORD,$9300,https://losangeles.craigslist.org/lac/cto/d/2014-honda-accord/6706285138.html
77,, good, 4 cylinders, fwd, gas, 92000, grey,, clean, automatic, sedan,Honda,$9000,https://losangeles.craigslist.org/ant/cto/d/honda/6706190918.html
78, 1HGCS2B82CA001446, excellent, 6 cylinders, fwd, gas, 50000, black, compact, salvage, automatic, coupe,2012 Honda Accord EXL Fully Loaded,$8200,https://losangeles.craigslist.org/sfv/cto/d/2012-honda-accord-exl-fully/6706067156.html
79,, good, 4 cylinders, fwd, gas, 140000,,, clean, automatic, sedan,2008 Honda Accord,$5500,https://losangeles.craigslist.org/lac/cto/d/2008-honda-accord/6705763945.html
80, 1HGCP36799A038057, excellent, 6 cylinders, fwd, gas, 103000, silver, mid-size, clean, automatic, sedan,Honda Accord EX,$7500,https://losangeles.craigslist.org/lac/cto/d/honda-accord-ex/6705686822.html
81,, good, 4 cylinders, fwd, gas, 28000, black, compact, salvage, automatic, sedan,2015 Honda Accord LX Sedan For Sale!!!,$12499,https://losangeles.craigslist.org/lac/cto/d/2015-honda-accord-lx-sedan/6705521019.html
82,, excellent, 4 cylinders, fwd, gas, 57739, silver, compact, clean, automatic, coupe,2009 Honda  Accord Coupe,$7200,https://losangeles.craigslist.org/lac/cto/d/2009-honda-accord-coupe/6705518979.html
83,, good, 6 cylinders,, gas, 14000, black,, clean, manual,,Honda accord coupe v6 6speed,$12500,https://losangeles.craigslist.org/lac/cto/d/honda-accord-coupe-v6-6speed/6687568275.html
84, 1HGCR2E59FA040746, excellent, 4 cylinders, fwd, gas, 49001, black, full-size, rebuilt, manual, sedan,"2015 HONDA ACCORD SPORT, MANUAL, LEATHER, 49K MILES",$10990,https://losangeles.craigslist.org/lac/cto/d/2015-honda-accord-sport/6705035499.html
85,, like new, 4 cylinders, fwd, gas, 90000, grey,, clean, automatic, coupe,Clean 2012 Honda Accord Coupe,$9300,https://losangeles.craigslist.org/sfv/cto/d/clean-2012-honda-accord-coupe/6704986651.html
86,, like new, 4 cylinders, fwd, gas, 144000, grey, full-size, clean, automatic, sedan,Honda Accord 2011,$7300,https://losangeles.craigslist.org/lac/cto/d/honda-accord-2011/6704948057.html
87, 1hgcp2f34aa056185, good,,, gas, 127000, black,, clean, automatic,,2010 clean title Honda Accord,$4500,https://losangeles.craigslist.org/lgb/cto/d/2010-clean-title-honda-accord/6704851152.html
88,, good, 4 cylinders, fwd, gas, 120000, silver, compact, salvage, automatic, sedan,Honda accord  2008,$5299,https://losangeles.craigslist.org/ant/cto/d/honda-accord-2008/6704636545.html
89,, excellent, 4 cylinders, fwd, gas, 24000,,, salvage, automatic,,2012 Honda Accord EXL,$9500,https://losangeles.craigslist.org/lac/cto/d/2012-honda-accord-exl/6686602415.html
90,, like new, 4 cylinders, fwd, gas, 31000, silver, full-size, clean, automatic, sedan,HONDA ACCORD SPORT,$17500,https://losangeles.craigslist.org/sfv/cto/d/honda-accord-sport/6704469373.html
91,, excellent, 4 cylinders, fwd, gas, 65000, silver, full-size, salvage, automatic, sedan,2012 Honda Accord SE,$8700,https://losangeles.craigslist.org/lgb/cto/d/2012-honda-accord-se/6704262817.html
92,, excellent, 6 cylinders, fwd, gas, 52000, white, compact, salvage, automatic, sedan,Honda Accord,$8500,https://losangeles.craigslist.org/lac/cto/d/honda-accord/6704182098.html
93,, excellent, 4 cylinders,, gas, 147000,,, clean, automatic,,2011 Honda Accord LX,$7600,https://losangeles.craigslist.org/lgb/cto/d/2011-honda-accord-lx/6694559230.html
94,, good, 4 cylinders, fwd, gas, 135456, silver, mid-size, clean, automatic, sedan,2009 Honda Accord LX sedan,$8500,https://losangeles.craigslist.org/sgv/cto/d/2009-honda-accord-lx-sedan/6703878640.html
95, 1HGCR2F75FA067328, excellent, 4 cylinders, fwd, gas, 66045, white, mid-size, clean, automatic, sedan,2015 Honda Accord EX 4D Sedan,$15500,https://losangeles.craigslist.org/sgv/cto/d/2015-honda-accord-ex-4d-sedan/6703435161.html
96, 1HGCR2F58HA268223, excellent, 4 cylinders,, gas, 2219, blue,, salvage, automatic,,2017 Honda Accord,$14899,https://losangeles.craigslist.org/lac/cto/d/2017-honda-accord/6698297571.html
97,, excellent, 6 cylinders, fwd, gas, 43323, silver,, clean, automatic, coupe,2015 HONDA ACCORD 2D COUPE V6 EX-L,$18500,https://losangeles.craigslist.org/sgv/cto/d/2015-honda-accord-2d-coupe-v6/6693800851.html
98,, like new, 4 cylinders, fwd, gas, 65000, silver,, clean, automatic, coupe,2014 Honda Accord Coupe,$12500,https://losangeles.craigslist.org/sgv/cto/d/2014-honda-accord-coupe/6702986540.html
99,, good, 4 cylinders, 4wd, gas, 22000, silver, full-size, clean, automatic, sedan,2012 Honda Accord 22000 miles Single Owner No Accident,$12500,https://losangeles.craigslist.org/sfv/cto/d/2012-honda-accordmiles-single/6702852053.html
100,, excellent, 6 cylinders,, gas, 58000,,, salvage, automatic,,Honda Accord 2015,$11500,https://losangeles.craigslist.org/lac/cto/d/honda-accord-2015/6680978200.html
101, 1HGCT1B38GA008984, like new, 4 cylinders, fwd, gas, 15500, silver, full-size, clean, automatic, coupe,2016 HONDA ACCORD,$21500,https://losangeles.craigslist.org/sfv/cto/d/2016-honda-accord/6697402950.html
102,, excellent, 4 cylinders, fwd, gas, 10500, black,, clean, automatic,,2016 Honda Accord LX,$20500,https://losangeles.craigslist.org/sfv/cto/d/2016-honda-accord-lx/6702223468.html
103, 1HGCP2F63CA026947, excellent, 4 cylinders, fwd, gas, 49500, grey, full-size, clean, automatic, sedan,2012 Honda Accord SE,$11500,https://losangeles.craigslist.org/lac/cto/d/2012-honda-accord-se/6679264824.html
104,, excellent, 4 cylinders,, gas, 120000,,, clean, automatic,,2008 Honda Accord LX-P 4D,$6400,https://losangeles.craigslist.org/wst/cto/d/2008-honda-accord-lx-4d/6701951656.html
105,, excellent, 6 cylinders, fwd, gas, 52000, white, compact, salvage, automatic, sedan,Honda Accord 2014,$8500,https://losangeles.craigslist.org/lac/cto/d/honda-accord-2014/6701699361.html
106,, good, 4 cylinders,, gas, 110000,,, salvage, automatic,,2012 honda accord,$5500,https://losangeles.craigslist.org/wst/cto/d/2012-honda-accord/6701599822.html
107, Salvage, like new, 4 cylinders, fwd, gas, 55000, grey, full-size, salvage, automatic, sedan,Honda accord LX 2015 salvage,$11500,https://losangeles.craigslist.org/lac/cto/d/honda-accord-lx-2015-salvage/6701319431.html
108,, excellent, 4 cylinders,, gas, 80000, white,, clean, automatic, coupe,CLEAN TITLE 2010 Honda Accord Coupe EX - WHITE and CLEAN!,$8800,https://losangeles.craigslist.org/lac/cto/d/clean-title-2010-honda-accord/6680754286.html
109,, excellent,,, gas, 55000,,, clean, automatic,,2014 Honda Accord Sport for Sale,$13750,https://losangeles.craigslist.org/wst/cto/d/2014-honda-accord-sport-for/6700597344.html
110,, good, 6 cylinders,, gas, 126000,,, clean, automatic, coupe,2010 Honda accord coupe V6,$8500,https://losangeles.craigslist.org/ant/cto/d/2010-honda-accord-coupe-v6/6700562398.html
111,, excellent, 4 cylinders, fwd, gas, 88000, white, full-size, clean, automatic, sedan,"2008 Honda Accord - LOW MILEAGE, LOOKS NEW",$6499,https://losangeles.craigslist.org/sfv/cto/d/2008-honda-accord-low-mileage/6700248160.html
112,, like new, 4 cylinders, fwd, gas, 105000, custom, full-size, lien, automatic, sedan,2012 Honda Accord,$9000,https://losangeles.craigslist.org/sfv/cto/d/2012-honda-accord/6679052143.html
113,, excellent, 4 cylinders, fwd, gas, 36000, black, full-size, salvage, automatic, sedan,2013 Honda Accord EX,$14000,https://losangeles.craigslist.org/lac/cto/d/2013-honda-accord-ex/6699787629.html
114, 1hgcp2f34aa056185, good,,, gas, 126800, black,, clean, automatic,,2010 honda accord,$4999,https://losangeles.craigslist.org/lgb/cto/d/2010-honda-accord/6692646074.html
115,, excellent, 4 cylinders,, gas, 132, silver,, clean, automatic,,2007 Honda Accord EX,$4750,https://losangeles.craigslist.org/lac/cto/d/2007-honda-accord-ex/6699654358.html
116,, new, 6 cylinders, fwd, gas, 2100, grey, full-size, clean, automatic, sedan,2018 Honda Accord no credit check,$30000,https://losangeles.craigslist.org/sfv/cto/d/2018-honda-accord-no-credit/6699551782.html
117,, excellent, 4 cylinders, fwd, gas, 93350, blue, mid-size, clean, automatic, sedan,2008 HONDA ACCORD EXL,$6975,https://losangeles.craigslist.org/lac/cto/d/2008-honda-accord-exl/6699463375.html
118,, good, 4 cylinders,, gas, 124000,,, clean, manual,,2009 Honda Accord EX-L,$4900,https://losangeles.craigslist.org/lac/cto/d/2009-honda-accord-ex/6698784207.html
119, 1HGCP2F67CA054931, excellent, 4 cylinders, fwd, gas, 41600, grey, full-size, clean, automatic, sedan,2012 Honda Accord -SE 41K miles,$11500,https://losangeles.craigslist.org/wst/cto/d/2012-honda-accord-se-41k-miles/6698771114.html
120,, good, 4 cylinders, fwd, gas, 115000, silver,, clean, automatic, sedan,2010 Honda Accord LX Sedan 4D,$6750,https://losangeles.craigslist.org/sfv/cto/d/2010-honda-accord-lx-sedan-4d/6698180725.html
121,, like new, 4 cylinders, rwd, gas, 55000, black, full-size, clean, automatic, sedan,"2012 May Honda Accord special edition Low Miles, Very well kept - $114",$11499,https://losangeles.craigslist.org/sgv/cto/d/2012-may-honda-accord-special/6698063603.html
122,, like new, 4 cylinders, fwd, gas, 55000, black, mid-size, clean, automatic, sedan,"2012 May Honda Accord special edition Low Miles, Very well kept",$11499,https://losangeles.craigslist.org/sfv/cto/d/2012-may-honda-accord-special/6698024379.html
123,, excellent, 4 cylinders, fwd, gas, 44000, grey, mid-size, salvage, automatic, coupe,2015 Honda Accord LX,$11500,https://losangeles.craigslist.org/wst/cto/d/2015-honda-accord-lx/6673780259.html
124,, excellent, 6 cylinders, fwd, gas, 208000, grey, compact, clean, automatic,,2008 Honda Accord EX fully loaded,$6500,https://losangeles.craigslist.org/sgv/cto/d/2008-honda-accord-ex-fully/6680997447.html
125,, good, 4 cylinders, fwd, gas, 113000, grey, full-size, clean, automatic, sedan,"2009 Honda Accord , One Owner, Clean Title - $6900",$6900,https://losangeles.craigslist.org/wst/cto/d/2009-honda-accord-one-owner/6697737228.html
126, 1HGCV1F15JA156990, new, 4 cylinders, fwd, gas, 1030, white,, clean, automatic, sedan,2018 HONDA ACCORD LX,$21795,https://losangeles.craigslist.org/wst/cto/d/2018-honda-accord-lx/6692073401.html
127,, like new, 4 cylinders, fwd, gas, 52000, green, full-size, clean, automatic, sedan,Honda Accord 2013 EXL for Sale,$14500,https://losangeles.craigslist.org/sfv/cto/d/honda-accord-2013-exl-for-sale/6697367128.html
128,, good, 6 cylinders,, gas, 140000, white, full-size, clean, automatic, sedan,2008 HONDA ACCORD,$6300,https://losangeles.craigslist.org/sgv/cto/d/2008-honda-accord/6697097868.html
129,, excellent, 4 cylinders,, gas, 132, silver,, clean, automatic,,2007 Honda Accord EX,$4850,https://losangeles.craigslist.org/lac/cto/d/2007-honda-accord-ex/6697058358.html
130, 1HGCR2F72EA172102, like new, 4 cylinders,, gas, 56900, black,, clean, automatic, sedan,"Honda Accord EX Sedan (56,900 Miles) Clean Title, Clean Carfax,1 Owner",$13400,https://losangeles.craigslist.org/wst/cto/d/honda-accord-ex-sedanmiles/6673240719.html
131,, excellent, 4 cylinders,, gas, 57000, blue,, clean, automatic,,2013 Honda Accord Sport,$14000,https://losangeles.craigslist.org/lgb/cto/d/2013-honda-accord-sport/6696256739.html
132,, good, 6 cylinders, fwd, gas, 105000, silver, mid-size, clean, automatic, sedan,Honda Accord 2011 v6 exl 105k miles leather seats clean title,$8900,https://losangeles.craigslist.org/lgb/cto/d/honda-accord-2011-v6-exl-105k/6696103389.html
133, 1HGCS1B35CA000290, excellent, 4 cylinders, fwd, gas, 51000, black, mid-size, clean, automatic, coupe,"Honda Accord $13,500 OBO",$13500,https://losangeles.craigslist.org/ant/cto/d/honda-accordobo/6695724595.html
134,, excellent, 4 cylinders, fwd, gas, 84000, grey, compact, salvage, automatic, coupe,2013 Honda Accord Ex L,$8000,https://losangeles.craigslist.org/sfv/cto/d/2013-honda-accord-ex/6695568938.html
135,, good,, fwd, gas, 57700, grey, full-size, clean, automatic, sedan,Honda Accord 2012 in great condition,$10500,https://losangeles.craigslist.org/wst/cto/d/honda-accord-2012-in-great/6695345037.html
136,, good, 4 cylinders,, gas, 63000,,, salvage, automatic,,2008 honda accord lx,$6300,https://losangeles.craigslist.org/sfv/cto/d/2008-honda-accord-lx/6690128097.html
137,, excellent, 6 cylinders, fwd, gas, 21150,,, clean, automatic, sedan,2016 Honda Accord Touring SEDAN,$18000,https://losangeles.craigslist.org/lac/cto/d/2016-honda-accord-touring/6694594162.html
138,, excellent, 6 cylinders, fwd, gas, 194000, black, mid-size, clean, automatic, sedan,2009 Honda Accord EX-L V6 Sedan - Well Maintained,$6500,https://losangeles.craigslist.org/sgv/cto/d/2009-honda-accord-ex-v6-sedan/6694559918.html
139,, good, 4 cylinders,, gas, 10169, white, full-size, clean, automatic, sedan,2017 honda accord sport,$19800,https://losangeles.craigslist.org/lgb/cto/d/2017-honda-accord-sport/6694475098.html
140,, excellent, 4 cylinders, fwd, gas, 6464, white, full-size, clean, automatic, sedan,2017 Honda accord sport,$19500,https://losangeles.craigslist.org/lgb/cto/d/2017-honda-accord-sport/6694400040.html
141,, excellent, 4 cylinders,, gas, 112000, brown, full-size, clean, automatic, sedan,"2012 Honda Accord Sedan (4) door, brown",$7000,https://losangeles.craigslist.org/sgv/cto/d/2012-honda-accord-sedan-4/6676179332.html
142, 1HGCR2F51DA245053, like new, 4 cylinders, fwd, gas, 49500, white, mid-size, clean, automatic, sedan,2013 HONDA ACCORD 4 DOOR WHITE AUTOMATIC,$13880,https://losangeles.craigslist.org/sgv/cto/d/2013-honda-accord-4-door/6693816531.html
143,, like new, 6 cylinders,, gas, 32000, black,, clean, automatic,,2013 Honda awd LOW MILES!!,$16000,https://losangeles.craigslist.org/wst/cto/d/2013-honda-awd-low-miles/6693785943.html
144,, good, 4 cylinders,, gas, 10169, white, full-size, clean, automatic, sedan,2017 honda accord sport,$19800,https://losangeles.craigslist.org/lgb/cto/d/2017-honda-accord-sport/6693622954.html
145,, excellent, 4 cylinders, fwd, gas, 6464, white, full-size, clean, automatic, sedan,2017 Honda accord sport,$19500,https://losangeles.craigslist.org/lgb/cto/d/2017-honda-accord-sport/6693482722.html
146,, excellent, 4 cylinders, rwd, gas, 120000, black, mid-size, clean, automatic, sedan,2009 Honda Accord fully loaded great condition just maintained S.clean,$7900,https://losangeles.craigslist.org/sgv/cto/d/2009-honda-accord-fully/6675772576.html
147,, good, 4 cylinders,, gas, 10169, white, full-size, clean, automatic, sedan,2017 honda accord sport,$19800,https://losangeles.craigslist.org/lgb/cto/d/2017-honda-accord-sport/6692790653.html
148,, excellent, 4 cylinders, fwd, gas, 6464, white, full-size, clean, automatic, sedan,2017 Honda accord sport,$19500,https://losangeles.craigslist.org/lgb/cto/d/2017-honda-accord-sport/6692702220.html
149,, good, 4 cylinders, fwd, gas, 100000, grey, compact, salvage, automatic, coupe,2014 Honda accord exl clean sporty car,$8500,https://losangeles.craigslist.org/wst/cto/d/2014-honda-accord-exl-clean/6678455131.html
150, 1HGCP2F73CA134655, excellent, 4 cylinders, fwd, gas, 73116, white, mid-size, clean, automatic, sedan,2012 HONDA ACCORD EX,$11900,https://losangeles.craigslist.org/lac/cto/d/2012-honda-accord-ex/6692651722.html
151,, excellent,, fwd, gas, 109525, black, mid-size, salvage, automatic, coupe,Honda Accord 2010,$6100,https://losangeles.craigslist.org/ant/cto/d/honda-accord-2010/6692605409.html
152,, excellent, 4 cylinders,, gas, 51487, black, full-size, clean, automatic,,2013 HONDA ACCORD LX,$12300,https://losangeles.craigslist.org/sfv/cto/d/2013-honda-accord-lx/6692483019.html
153,, excellent, 4 cylinders,, gas, 51487, black, full-size, clean, automatic,,2013 HONDA ACCORD,$12500,https://losangeles.craigslist.org/sfv/cto/d/2013-honda-accord/6692464479.html
154,, like new, 6 cylinders,, gas, 25000, white, full-size, salvage, automatic, sedan,2015 HONDA ACCORD EXL V6,$11500,https://losangeles.craigslist.org/lac/cto/d/2015-honda-accord-exl-v6/6674660837.html
155,, excellent, 4 cylinders,, gas, 30000,,, salvage, automatic,,2015 Honda Accord coupe,$9500,https://losangeles.craigslist.org/sfv/cto/d/2015-honda-accord-coupe/6674435539.html
156, 1HGCR2F88EA194825, excellent, 4 cylinders, fwd, gas, 19571, black, mid-size, clean, automatic, sedan,2014 Honda Accord EX-L Navi,$16900,https://losangeles.craigslist.org/lgb/cto/d/2014-honda-accord-ex-navi/6686047631.html
157, 1HGCT1b35ea003688, excellent, 4 cylinders, fwd, gas, 56000, white, mid-size, clean, automatic, coupe,2014 Accord Coupe 2DR LX-S,$12995,https://losangeles.craigslist.org/sfv/cto/d/2014-accord-coupe-2dr-lx/6691330201.html
158, JHMCR5F73EC000972, good,,, gas, 99000, white,, clean, automatic,,2014 Honda Accord Plug-in Hybrid,$13900,https://losangeles.craigslist.org/sfv/cto/d/2014-honda-accord-plug-in/6691309610.html
159,, excellent, 6 cylinders, fwd, gas, 89000, white, mid-size, clean, automatic, sedan,2014 Honda Accord coupe,$11995,https://losangeles.craigslist.org/sgv/cto/d/2014-honda-accord-coupe/6675340333.html
160,, excellent, 4 cylinders, fwd, gas, 57208,, mid-size, clean, automatic, sedan,2010 Honda Accord LX_57K miles_Super Clean,$10300,https://losangeles.craigslist.org/wst/cto/d/2010-honda-accord-lx57k/6690892974.html
161,, like new, 6 cylinders,, gas, 37800, grey,, lien, automatic,,2015 Honda Crosstour - V6 - Still under warranty,$21000,https://losangeles.craigslist.org/wst/cto/d/2015-honda-crosstour-v6-still/6690410580.html
162,, excellent,,, gas, 106000,,, salvage, automatic,,Honda accord,$5300,https://losangeles.craigslist.org/sfv/cto/d/honda-accord/6689479504.html
163,, excellent, 4 cylinders, fwd, gas, 32200, silver,, clean, automatic, sedan,Honda Accord 2014 Aug car done 32200 miles,$13700,https://losangeles.craigslist.org/wst/cto/d/honda-accord-2014-aug-car/6689471099.html
164,, like new, 4 cylinders, fwd, gas, 22000, grey,, clean, automatic, sedan,+++'17 HONDA ACCORD SPORT+++,$19999,https://losangeles.craigslist.org/lgb/cto/d/17-honda-accord-sport/6666735154.html
165,, like new, 4 cylinders, fwd, gas, 134, grey, mid-size, salvage, automatic, sedan,Honda accord,$6000,https://losangeles.craigslist.org/lac/cto/d/honda-accord/6689424800.html
166,, excellent, 6 cylinders, fwd, gas, 114230, blue, compact, clean, manual, coupe,2011 Honda Accord coupe v6,$10700,https://losangeles.craigslist.org/sgv/cto/d/2011-honda-accord-coupe-v6/6689349288.html
167, 1HGCR2F79EA150887, excellent, 4 cylinders, rwd, gas, 59900, black, mid-size, clean, automatic, sedan,2014 Honda Accord EX,$14990,https://losangeles.craigslist.org/sgv/cto/d/2014-honda-accord-ex/6689305041.html
168,, excellent, 4 cylinders, fwd, gas, 6464, white, full-size, clean, automatic, sedan,2017 Honda accord sport,$19500,https://losangeles.craigslist.org/lgb/cto/d/2017-honda-accord-sport/6689206444.html
169,, like new, 4 cylinders,, gas, 16000, grey, full-size, salvage, automatic, sedan,2017 HONDA ACCORD SPORT,$14900,https://losangeles.craigslist.org/lac/cto/d/2017-honda-accord-sport/6663213279.html
170,, good, 4 cylinders, fwd, gas, 124000, silver, compact, clean, automatic, sedan,2010 Honda Accors EX,$5500,https://losangeles.craigslist.org/sfv/cto/d/2010-honda-accors-ex/6688902381.html
171,, excellent, 4 cylinders,, gas, 18, white,, salvage, automatic, sedan,Honda Accord 2016,$13000,https://losangeles.craigslist.org/lgb/cto/d/honda-accord-2016/6688576738.html
172,, good, 4 cylinders,, gas, 10169, white, full-size, clean, automatic, sedan,2017 honda accord sport,$19800,https://losangeles.craigslist.org/lgb/cto/d/2017-honda-accord-sport/6688352270.html
173,, good, 4 cylinders,, gas, 89400, white,, clean, automatic, sedan,Honda accord 2010,$10800,https://losangeles.craigslist.org/sfv/cto/d/honda-accord-2010/6688314285.html
174,, like new, 4 cylinders, fwd, gas, 33512, silver, full-size, salvage, automatic, sedan,2015 honda accord,$9500,https://losangeles.craigslist.org/lgb/cto/d/2015-honda-accord/6675634008.html
175, 1HGCP2F33CA221923, excellent, 4 cylinders, fwd, gas, 34600, white, mid-size, clean, automatic, sedan,2012 HONDA ACCORD LX,$13999,https://losangeles.craigslist.org/lac/cto/d/2012-honda-accord-lx/6688253705.html
176,, excellent,,, gas, 63000,,, clean, manual,,2015 Honda Accord Sport 6spd *Pristine*,$15900,https://losangeles.craigslist.org/lac/cto/d/2015-honda-accord-sport-6spd/6687624602.html
177, 1HGCR2F32EA302571, excellent, 4 cylinders, fwd, gas, 52000, silver, full-size, clean, automatic, sedan,2014 Honda Accord LX,$13499,https://losangeles.craigslist.org/lac/cto/d/2014-honda-accord-lx/6666475569.html
178,, excellent, 4 cylinders, fwd, gas, 119000, blue, full-size, clean, automatic, sedan,Honda Accord EX Sedan,$10995,https://losangeles.craigslist.org/wst/cto/d/honda-accord-ex-sedan/6687452286.html
179,, excellent, 4 cylinders, fwd, gas, 81000, grey, full-size, clean, automatic, sedan,2012 HONDA Accord LX-P (Grey),$9288,https://losangeles.craigslist.org/sgv/cto/d/2012-honda-accord-lx-grey/6661672236.html
180,, good, 4 cylinders,, gas, 128000, silver,, salvage, automatic,,2012 honda accord,$6800,https://losangeles.craigslist.org/ant/cto/d/2012-honda-accord/6686981843.html
181, Pppp, excellent, 4 cylinders, fwd, gas, 79, silver, compact, salvage, automatic, sedan,2008 honda.accord,$5300,https://losangeles.craigslist.org/wst/cto/d/2008-hondaaccord/6660739899.html
182,, new, 4 cylinders, fwd, gas, 33000, white, compact, salvage, manual, sedan,2016 HONDA ACCORD SPORT,$12900,https://losangeles.craigslist.org/lac/cto/d/2016-honda-accord-sport/6675427204.html
183,, like new, 4 cylinders, fwd, gas, 35639,, full-size, clean, automatic, sedan,2013 Honda Accord EX-L For Sale,$15000,https://losangeles.craigslist.org/sfv/cto/d/2013-honda-accord-ex-for-sale/6685446640.html
184,, excellent,,, gas, 65000,,, clean, automatic,,2015 honda accord sport,$13000,https://losangeles.craigslist.org/lac/cto/d/2015-honda-accord-sport/6685345284.html
185, 1HGCS22869A006349, good, 6 cylinders, fwd, gas, 139587, black, mid-size, clean, automatic, coupe,2009 Honda Accord EX-L Coupe,$6800,https://losangeles.craigslist.org/sgv/cto/d/2009-honda-accord-ex-coupe/6660954346.html
186, 1hgcr2f38ga213834, good, 4 cylinders, fwd, gas, 16300, grey, mid-size, clean, automatic, sedan,2016 Honda Accord lx,$15500,https://losangeles.craigslist.org/wst/cto/d/2016-honda-accord-lx/6684804606.html
187,, excellent, 4 cylinders, fwd, gas, 127000, silver, full-size, clean, automatic, sedan,HONDA ACCORD,$6500,https://losangeles.craigslist.org/lac/cto/d/honda-accord/6684565443.html
188, 1hgcp2f34aa019623, good, 4 cylinders, fwd, gas, 116000, grey, mid-size, salvage, automatic, sedan,Honda Accord,$5900,https://losangeles.craigslist.org/lgb/cto/d/honda-accord/6684530212.html
