,Title,Make,Model,Year,Condition,Cylinders,Drive,Fuel,Odometer,Paint_color,Size,Title_status,Transmission,Type,Price,VIN,Link
0,2012 Honda civic EX 4 doors 80K miles automatic moon roof runs great,Honda,Civic,2012, excellent, 4 cylinders, fwd, gas,82000, black, mid-size, salvage, automatic, sedan,"$5,000 ",,https://losangeles.craigslist.org/lac/cto/d/2012-honda-civic-ex-4-doors/6710645314.html
1,2016 Honda Civic LX,Honda,Civic,2016, like new, 4 cylinders, fwd, gas,22250, grey, sub-compact, salvage, automatic, sedan,"$11,495 ",,https://losangeles.craigslist.org/lgb/cto/d/2016-honda-civic-lx/6696529351.html
2,Honda Civic EXl Turbo Hatchback Honda Sensing 40mpg,Honda,Civic,2017, like new, 4 cylinders, fwd, gas,9000, grey,, salvage, automatic,,"$14,200 ",,https://losangeles.craigslist.org/lac/cto/d/honda-civic-exl-turbo/6710624688.html
3,2013 Honda Civic SI One Owner Clean Title,Honda,Civic,2013, excellent, 4 cylinders, fwd, gas,45000,,, clean, manual, sedan,"$14,500 ",,https://losangeles.craigslist.org/sfv/cto/d/2013-honda-civic-si-one-owner/6710598238.html
4,2018 Honda Civic,Honda,Civic,2018, good, 4 cylinders, fwd, gas,2250, blue, mid-size, clean, automatic, sedan,"$24,344 ",0,https://losangeles.craigslist.org/lac/cto/d/2018-honda-civic/6710586588.html
5,2012 Honda Civic,Honda,Civic,2012, like new, 4 cylinders,, gas,82000, black,, salvage, automatic,,"$6,900 ",,https://losangeles.craigslist.org/lac/cto/d/2012-honda-civic/6710496518.html
6,"Honda Civic EX 2014 americano,va llegando 81MIL MILLAS BOLSAS BUENAS!",Honda,Civic,2014, like new, 4 cylinders,, gas,81,,, salvage, automatic,,"$7,500 ",,https://losangeles.craigslist.org/wst/cto/d/honda-civic-ex-2014/6710470359.html
7,Honda Civic coupe 2013 lx,Honda,Civic,2013, excellent, 4 cylinders, fwd, gas,150000, black,, salvage, automatic,,"$4,000 ",,https://losangeles.craigslist.org/lac/cto/d/honda-civic-coupe-2013-lx/6710479455.html
8,2015 Honda Civic SE Sedan 4D  ** Clean Title - One Owner **,Honda,Civic,2015, excellent, 4 cylinders, fwd, gas,59600, black, compact, clean, automatic, sedan,"$12,500 ",,https://losangeles.craigslist.org/wst/cto/d/2015-honda-civic-se-sedan-4d/6710332717.html
9,HONDA CIVIC 2008,Honda,Civic,2008, excellent, 4 cylinders,, gas,160000, black, compact, clean, manual,,"$4,100 ", 2HGFG11698H540647,https://losangeles.craigslist.org/lac/cto/d/honda-civic-2008/6700430042.html
10,2012 Honda Civic,Honda,Civic,2012, excellent, 4 cylinders, fwd, gas,46000, brown, compact, salvage, automatic, sedan,"$6,800 ",,https://losangeles.craigslist.org/lac/cto/d/2012-honda-civic/6710311745.html
11,2008 Honda Civic,Honda,Civic,2008, excellent, 4 cylinders, rwd, gas,89300, silver, compact, clean, automatic, sedan,"$6,800 ",,https://losangeles.craigslist.org/lgb/cto/d/2008-honda-civic/6700774219.html
12,"Honda Civic EX 2014 americano,va llegando 81MIL MILLAS BOLSAS BUENAS!",Honda,Civic,2014, like new, 4 cylinders,, gas,81,,, salvage, automatic,,"$7,500 ",,https://losangeles.craigslist.org/wst/cto/d/honda-civic-ex-2014/6710280501.html
13,2008 Honda Civic Hybrid,Honda,Civic,2008, excellent, 4 cylinders, fwd, hybrid,145000, yellow, mid-size, clean, automatic, sedan,"$5,500 ", JHMFA36268S025081,https://losangeles.craigslist.org/sgv/cto/d/2008-honda-civic-hybrid/6710264530.html
14,Stunning 2012 Honda Civic EX,Honda,Civic,2012, excellent, 4 cylinders, fwd, gas,88783, blue, mid-size, clean, automatic, sedan,"$10,499 ", 19XFB2F99CE305028,https://losangeles.craigslist.org/sfv/cto/d/stunning-2012-honda-civic-ex/6707517575.html
15,2008 Honda Civic,Honda,Civic,2008, good,, fwd, gas,149657, blue, compact, clean, automatic, sedan,"$4,500 ",,https://losangeles.craigslist.org/wst/cto/d/2008-honda-civic/6701265798.html
16,2012 Honda Civic LX Coupe,Honda,Civic,2012, good, 4 cylinders,, gas,101992, grey,, clean, automatic, coupe,"$7,200 ",,https://losangeles.craigslist.org/sfv/cto/d/2012-honda-civic-lx-coupe/6697377615.html
17,Honda Civic Si 2D coupe 2017,Honda,Civic,2017, excellent, 4 cylinders,, gas,11000, green, full-size, clean, manual, convertible,"$17,600 ",,https://losangeles.craigslist.org/lac/cto/d/honda-civic-si-2d-coupe-2017/6710125761.html
18,2012 Honda Civic,Honda,Civic,2012, like new, 4 cylinders,, gas,82000, black,, salvage, automatic,,"$6,900 ",,https://losangeles.craigslist.org/lac/cto/d/2012-honda-civic/6710100913.html
19,2008 Honda Civic LX 120k Tituló limpio,Honda,Civic,2008, excellent,,, gas,120000,,, clean, automatic, sedan,"$5,800 ",,https://losangeles.craigslist.org/lac/cto/d/2008-honda-civic-lx-120k/6689088312.html
20,2010 Honda Civic LX,Honda,Civic,2010, excellent, 4 cylinders,, gas,120000,,, clean, automatic, sedan,"$6,800 ",,https://losangeles.craigslist.org/lac/cto/d/2010-honda-civic-lx/6707481306.html
21,12 HONDA CIVIC EXL AZUL,Honda,Civic,2012, good, 4 cylinders,, gas,62347,,, clean, automatic,,"$10,600 ",,https://losangeles.craigslist.org/sgv/cto/d/12-honda-civic-exl-azul/6710078206.html
22,"2012 HONDA CIVIC HYBRID 4DR SEDAN 48MPG 40K MILES, SALVAG",Honda,Civic,2012, like new, 4 cylinders, fwd, hybrid,40000, grey, compact, salvage, automatic, sedan,"$7,400 ",,https://losangeles.craigslist.org/wst/cto/d/2012-honda-civic-hybrid-4dr/6690058474.html
23,***2012 HONDA CIVIC EX-L ORIGINAL OWNER LOW MILES CLEAN TITLE***,Honda,Civic,2012, excellent, 4 cylinders,, gas,132000,,, clean, automatic, sedan,"$7,800 ",,https://losangeles.craigslist.org/sgv/cto/d/2012-honda-civic-ex-original/6706328787.html
24,2012 BMW 128i convertible clean title low miles,Honda,Civic,2012, excellent, 6 cylinders, rwd, gas,72000, grey, compact, clean, automatic, sedan,"$13,000 ",,https://losangeles.craigslist.org/sfv/cto/d/2012-bmw-128i-convertible/6705356089.html
25,2013 honda civic **,Honda,Civic,2013, like new, 4 cylinders, fwd, gas,93000, black, compact, clean, automatic, sedan,"$8,900 ",,https://losangeles.craigslist.org/sfv/cto/d/2013-honda-civic/6692163140.html
26,2008 Honda Civic Excellent Condition,Honda,Civic,2008, excellent, 4 cylinders, fwd, gas,133121, grey, compact, clean, automatic, coupe,"$4,900 ",,https://losangeles.craigslist.org/lac/cto/d/2008-honda-civic-excellent/6695224885.html
27,2008 Honda Civic Excellent Condition,Honda,Civic,2008, excellent, 4 cylinders, fwd, gas,134121, silver, compact, clean, automatic, coupe,"$4,900 ",,https://losangeles.craigslist.org/lac/cto/d/2008-honda-civic-excellent/6704078569.html
28,2015 Honda Civic 22k miles BY OWNER,Honda,Civic,2015, excellent, 4 cylinders, fwd, gas,22000, white, compact, salvage, automatic, sedan,"$10,000 ", 19XFB2F52FE708284,https://losangeles.craigslist.org/sfv/cto/d/2015-honda-civic-22k-miles-by/6709744236.html
29,2017 HONDA CIVIC LX  CLEAN TITLE,Honda,Civic,2017, like new, 4 cylinders, fwd, gas,14000, grey,, clean, automatic, sedan,"$14,900 ",,https://losangeles.craigslist.org/wst/cto/d/2017-honda-civic-lx-clean/6685405853.html
30,2017 Honda Civic,Honda,Civic,2017, like new, 4 cylinders, fwd, gas,17758, grey, full-size, clean, automatic, sedan,"$15,500 ", 2HGFC2F51HH506560,https://losangeles.craigslist.org/wst/cto/d/2017-honda-civic/6699828173.html
31,2015 Honda Civic,Honda,Civic,2015, like new, 4 cylinders, fwd, gas,48456, black, compact, salvage, automatic, sedan,"$10,500 ", Hola,https://losangeles.craigslist.org/lac/cto/d/2015-honda-civic/6709442091.html
32,2013 Honda Civic LX,Honda,Civic,2013, excellent, 4 cylinders, fwd, gas,111969, grey, compact, clean, automatic, sedan,"$8,750 ",,https://losangeles.craigslist.org/lac/cto/d/2013-honda-civic-lx/6690199770.html
33,>>> Honda Civic w Pioneer sound system and 12 inch subwoofer,Honda,Civic,2008, excellent, 4 cylinders,, gas,72698, white, compact, clean, automatic, coupe,"$6,500 ",,https://losangeles.craigslist.org/lac/cto/d/honda-civic-pioneer-sound/6709421019.html
34,2014  HONDA / CIVIC  / EX / COUPE  / LOW MILEAGE / BACK,Honda,Civic,2014, excellent, 4 cylinders, fwd, gas,34523, grey, compact, clean, automatic, coupe,"$13,995 ", 2HGFG3B81EH523672,https://losangeles.craigslist.org/wst/cto/d/2014-honda-civic-ex-coupe-low/6696423031.html
35,Honda Civic Si 2017 (6kmiles),Honda,Civic,2017, like new, 4 cylinders,, gas,6000, grey,, salvage, manual,,"$15,500 ",,https://losangeles.craigslist.org/lac/cto/d/honda-civic-sikmiles/6694745808.html
36,"Honda accord exl $5300 CLEAN TITLE 132,000 miles 2008 GOOD CONDITIONS",Honda,Civic,2008, like new, 4 cylinders, rwd, gas,132000, grey, compact, clean, automatic, sedan,"$5,300 ", J,https://losangeles.craigslist.org/lac/cto/d/honda-accord-exl-5300-clean/6709370034.html
37,2015 Honda Civic SE Sedan 4D  ** Clean Title - One Owner **,Honda,Civic,2015, excellent, 4 cylinders, fwd, gas,59600, black, compact, clean, automatic, sedan,"$12,500 ",,https://losangeles.craigslist.org/lac/cto/d/2015-honda-civic-se-sedan-4d/6709303091.html
38,2012 Honda civic EX 4 doors 80K miles automatic moon roof runs great,Honda,Civic,2012, good, 4 cylinders, fwd, gas,80600, black, mid-size, salvage, automatic, sedan,"$5,000 ",,https://losangeles.craigslist.org/lgb/cto/d/2012-honda-civic-ex-4-doors/6695579017.html
39,"2008 HONDA CIVIC-EX, 2 DR COUPE,SUPER CLEAN ,CLEAN TITLE",Honda,Civic,2008, excellent, 4 cylinders, fwd, gas,130000, silver, compact, clean, automatic, coupe,"$5,300 ",,https://losangeles.craigslist.org/sfv/cto/d/2008-honda-civic-ex-2-dr/6703879281.html
40,2013 Honda Civic SI One Owner Clean Title,Honda,Civic,2013, excellent, 4 cylinders, fwd, gas,46000, blue,, clean, manual, sedan,"$14,500 ", 2HGFB6E50DH707632,https://losangeles.craigslist.org/wst/cto/d/2013-honda-civic-si-one-owner/6707331977.html
41,"2012 Honda CIVIC EX 4D Sedan *Low 71,802 Miles* Clean Title",Honda,Civic,2012, good, 4 cylinders, fwd, gas,71802, black,, clean, automatic, sedan,"$9,900 ", 2HGFB2F81CH329899,https://losangeles.craigslist.org/lac/cto/d/2012-honda-civic-ex-4d-sedan/6709141203.html
42,2008 HONDA CIVIC HYBRID*CLEAN TITLE*Low Miles*CLEAN CAR FAX,Honda,Civic,2008, excellent, 4 cylinders,, hybrid,126000, grey,, clean, automatic, sedan,"$5,390 ", JHMFA36298S006198,https://losangeles.craigslist.org/lac/cto/d/2008-honda-civic-hybridclean/6702755786.html
43,2011 Honda Civic EX Sedan 4D,Honda,Civic,2011, excellent, 4 cylinders, fwd, gas,69366, black,, clean, automatic, sedan,"$9,999 ", 2HGFA1F86BH536638,https://losangeles.craigslist.org/sgv/cto/d/2011-honda-civic-ex-sedan-4d/6685822479.html
44,2008 Honda Civic EX 4DR Sedan with 91k miles in Excellent Condition,Honda,Civic,2008, excellent,,, gas,95000,,, clean, automatic,,"$7,550 ",,https://losangeles.craigslist.org/sfv/cto/d/2008-honda-civic-ex-4dr-sedan/6705844924.html
45,"2015 HONDA CIVIC  (2011, 2012,2014,2013)",Honda,Civic,2015, excellent,,, gas,22000, blue,, clean, automatic, hatchback,"$10,999 ",,https://losangeles.craigslist.org/lac/cto/d/2015-honda-civic/6709035907.html
46,Excellent condition 2016 Honda Civic EX-L,Honda,Civic,2016, excellent,, fwd, gas,23600, black,, clean, automatic,,"$17,950 ",,https://losangeles.craigslist.org/lgb/cto/d/excellent-condition-2016/6698504176.html
47,2008 Honda Civic Excellent Condition,Honda,Civic,2008, excellent, 4 cylinders, fwd, gas,133121, silver, full-size, clean, automatic, coupe,"$4,900 ",,https://losangeles.craigslist.org/lac/cto/d/2008-honda-civic-excellent/6683301199.html
48,2011 Honda Civic EX Sedan,Honda,Civic,2011, excellent, 4 cylinders, fwd, gas,69366, black, compact, clean, automatic, sedan,"$9,999 ", 2HGFA1F86BH536638,https://losangeles.craigslist.org/lgb/cto/d/2011-honda-civic-ex-sedan/6698118197.html
49,**2009 Honda Civic SI Sedan**,Honda,Civic,2009, good, 4 cylinders, fwd, gas,86000, blue, compact, clean, manual, sedan,"$10,500 ",,https://losangeles.craigslist.org/lgb/cto/d/2009-honda-civic-si-sedan/6708986469.html
50,2012 Honda Civic,Honda,Civic,2012, like new, 4 cylinders,, gas,105000, blue,, clean, automatic,,"$6,700 ",,https://losangeles.craigslist.org/lac/cto/d/2012-honda-civic/6708982744.html
51,Honda Civic EX Turbo Hatchback With Self Driving Honda Sensing,Honda,Civic,2017, like new, 4 cylinders, rwd, gas,9100, grey,, salvage, automatic,,"$14,200 ",,https://losangeles.craigslist.org/lac/cto/d/honda-civic-ex-turbo/6697962784.html
52,2014 HONDA CIVIC GX,Honda,Civic,2014, excellent, 4 cylinders, fwd, other,78326, silver, compact, salvage, automatic, sedan,"$8,050 ", 19XFB5F5XEE000414,https://losangeles.craigslist.org/sfv/cto/d/2014-honda-civic-gx/6708963393.html
53,2012 Honda Civic LX,Honda,Civic,2012, excellent, 4 cylinders, fwd, gas,141200, red, compact, clean, automatic, sedan,"$6,800 ",,https://losangeles.craigslist.org/sgv/cto/d/2012-honda-civic-lx/6701292273.html
54,Honda cívic 2010,Honda,Civic,2010, like new, 4 cylinders, fwd, gas,48535, blue, full-size, salvage, automatic, sedan,"$5,800 ",,https://losangeles.craigslist.org/lac/cto/d/honda-cvic-2010/6708834274.html
55,2010 Honda Civic $5499,Honda,Civic,2010, excellent, 4 cylinders, fwd, gas,90500, black, compact, salvage, automatic, sedan,"$5,499 ",,https://losangeles.craigslist.org/lac/cto/d/2010-honda-civic-5499/6708830329.html
56,2008 Honda Civic CNG salvaged,Honda,Civic,2008, excellent, 4 cylinders,, gas,108000, silver, compact, salvage, automatic,,"$4,999 ",,https://losangeles.craigslist.org/sfv/cto/d/2008-honda-civic-cng-salvaged/6699854710.html
57,2015 Honda civic lx,Honda,Civic,2015, excellent, 4 cylinders, fwd, gas,32000, grey, compact, salvage, automatic, sedan,"$8,900 ",,https://losangeles.craigslist.org/lac/cto/d/2015-honda-civic-lx/6698233988.html
58,Honda Civic si,Honda,Civic,2015, excellent, 4 cylinders, fwd, gas,40000, grey, mid-size, salvage, manual, coupe,"$15,000 ",,https://losangeles.craigslist.org/sfv/cto/d/honda-civic-si/6708593458.html
59,2008 Honda Civic Hybrid,Honda,Civic,2008, excellent, 4 cylinders, fwd, hybrid,125000, custom, mid-size, clean, automatic, sedan,"$4,800 ",,https://losangeles.craigslist.org/sgv/cto/d/2008-honda-civic-hybrid/6708583723.html
60,2012 HONDA CIVIC EXL,Honda,Civic,2012, good, 6 cylinders, fwd, gas,62340, blue, mid-size, clean, automatic, sedan,"$10,800 ",,https://losangeles.craigslist.org/lac/cto/d/2012-honda-civic-exl/6700448155.html
61,2010 Honda Civic LX-S,Honda,Civic,2010, good, 4 cylinders, fwd, gas,142890, grey, mid-size, clean, manual, sedan,"$4,800 ", 2HGFA1E66AH529431,https://losangeles.craigslist.org/wst/cto/d/2010-honda-civic-lx/6693399605.html
62,2015 HONDA CIVIC (LOW MILES),Honda,Civic,2015, like new, 4 cylinders,, gas,30986,,, clean, automatic,,"$10,400 ",,https://losangeles.craigslist.org/sfv/cto/d/2015-honda-civic-low-miles/6706658019.html
63,2011 Honda Civic EX-L,Honda,Civic,2011, good, 4 cylinders, fwd, gas,113000, white,, clean, manual,,"$7,300 ",,https://losangeles.craigslist.org/sfv/cto/d/2011-honda-civic-ex/6708470775.html
64,"2012 HONDA CIVIC HYBRID 4DR SEDAN 48MPG 40K MILES, SALVAG",Honda,Civic,2012, like new, 4 cylinders, fwd, hybrid,40000, grey, compact, salvage, automatic, sedan,"$7,400 ",,https://losangeles.craigslist.org/sfv/cto/d/2012-honda-civic-hybrid-4dr/6708468554.html
65,2012 HONDA CIVIC HYBRID 4DR,Honda,Civic,2012, excellent, 4 cylinders, fwd, hybrid,40000, grey, compact, salvage, automatic, sedan,"$7,400 ",,https://losangeles.craigslist.org/sgv/cto/d/2012-honda-civic-hybrid-4dr/6701605719.html
66,Honda Civic lx 2016,Honda,Civic,2016, like new, 4 cylinders, fwd, gas,20000, silver, full-size, clean, automatic, sedan,"$15,000 ",,https://losangeles.craigslist.org/lgb/cto/d/honda-civic-lx-2016/6708387095.html
67,2014 HONDA CIVIC COUPE LX,Honda,Civic,2014, like new, 4 cylinders, fwd, gas,57413, black, compact, clean, automatic, coupe,"$9,800 ", 2HGFG3B55EH516682,https://losangeles.craigslist.org/lac/cto/d/2014-honda-civic-coupe-lx/6708386618.html
68,2013 Honda Civic LX 4-Door Black,Honda,Civic,2013, excellent, 4 cylinders, fwd, gas,61108, black, compact, clean, automatic, sedan,"$9,900 ",,https://losangeles.craigslist.org/wst/cto/d/2013-honda-civic-lx-4-door/6708348657.html
69,2008 honda civic,Honda,Civic,2008, like new, 4 cylinders,, gas,142925, blue,, clean, automatic,,"$6,999 ", 1HGFA16588L086234,https://losangeles.craigslist.org/lac/cto/d/2008-honda-civic/6708235392.html
70,HONDA CIVIC ****SI**** MUGEN,Honda,Civic,2008, good, 4 cylinders, fwd, gas,12700, blue, mid-size, clean, manual, sedan,"$12,700 ", 7xxxxxxx,https://losangeles.craigslist.org/wst/cto/d/honda-civic-si-mugen/6700091205.html
71,2010 Honda Civic 129k salvage,Honda,Civic,2010, excellent, 4 cylinders, fwd, gas,129, black,, salvage, automatic, sedan,"$3,999 ",,https://losangeles.craigslist.org/lac/cto/d/2010-honda-civic-129k-salvage/6686528409.html
72,Honda civic 2011 clean title,Honda,Civic,2011, excellent, 4 cylinders, fwd, gas,155000, silver, compact, clean, automatic, sedan,"$5,900 ",,https://losangeles.craigslist.org/wst/cto/d/honda-civic-2011-clean-title/6689977236.html
73,2011 Honda Civic LX 4 Dr Automatic only 99K miles,Honda,Civic,2011, excellent, 4 cylinders, fwd, gas,99000, silver,, clean, automatic, sedan,"$7,700 ",,https://losangeles.craigslist.org/lgb/cto/d/2011-honda-civic-lx-4-dr/6702078642.html
74,2013 Honda Civic LX Coupe 2D 68k Miles Original Owner Clean Title,Honda,Civic,2013, good, 4 cylinders, fwd, gas,68000, silver, compact, clean, automatic, coupe,"$9,000 ",,https://losangeles.craigslist.org/sgv/cto/d/2013-honda-civic-lx-coupe-2d/6689668860.html
75,2013 Honda Civic LX Coupe 2D 68k Miles Original Owner Clean Title,Honda,Civic,2013, good, 4 cylinders, fwd, gas,68000, silver, compact, clean, automatic, coupe,"$9,000 ",,https://losangeles.craigslist.org/sgv/cto/d/2013-honda-civic-lx-coupe-2d/6692517892.html
76,2017 Honda Civic EX Hatchback. TITLE IN HAND! PRICE REDUCED,Honda,Civic,2017, like new, 4 cylinders, fwd, gas,14282, black, mid-size, clean, automatic, hatchback,"$21,000 ",,https://losangeles.craigslist.org/sfv/cto/d/2017-honda-civic-ex-hatchback/6707680697.html
77,2017 HONDA CIVIC EX HATCHBACK. TITLE IN HAND!!! Price reduced,Honda,Civic,2017, like new, 4 cylinders, fwd, gas,14282, black, mid-size, clean, automatic, hatchback,"$21,000 ",,https://losangeles.craigslist.org/sfv/cto/d/2017-honda-civic-ex-hatchback/6707677507.html
78,2012 Honda civic,Honda,Civic,2012, good, 4 cylinders,, gas,102000, blue, mid-size, salvage, automatic, coupe,"$6,500 ",,https://losangeles.craigslist.org/lac/cto/d/2012-honda-civic/6707669156.html
79,2018 Honda Civic EX-T sedan with100k bumper 2 bumper warranty!like new,Honda,Civic,2018, like new, 4 cylinders, fwd, gas,5090, white, compact, clean, automatic, sedan,"$24,000 ",,https://losangeles.craigslist.org/lac/cto/d/2018-honda-civic-ex-sedan/6682723736.html
80,2018 Honda Civic EX-T sedan with100k bumper 2 bumper warranty!like new,Honda,Civic,2018, like new, 4 cylinders, fwd, gas,5090, white, compact, clean, automatic, sedan,"$24,000 ",,https://losangeles.craigslist.org/sfv/cto/d/2018-honda-civic-ex-sedan/6682689690.html
81,2015 Honda Civic EX-L 19K miles,Honda,Civic,2015, like new, 4 cylinders, fwd, gas,19100, silver, mid-size, clean, automatic, sedan,"$15,999 ",,https://losangeles.craigslist.org/sfv/cto/d/2015-honda-civic-ex-19k-miles/6707527579.html
82,2012 Honda Civic Natural Gas,Honda,Civic,2012, excellent,,, other,90000,,, clean, automatic, sedan,"$7,500 ",,https://losangeles.craigslist.org/sfv/cto/d/2012-honda-civic-natural-gas/6707498131.html
83,Honda Civic CNG 2012,Honda,Civic,2012, excellent, 4 cylinders, fwd, other,61000, white, mid-size, clean, automatic, sedan,"$10,500 ", 19xfb5f52ce000243,https://losangeles.craigslist.org/sfv/cto/d/honda-civic-cng-2012/6707366999.html
84,2014 Honda Civic SI,Honda,Civic,2014, excellent, 4 cylinders, fwd, gas,49432, orange, compact, salvage, manual, coupe,"$13,500 ",,https://losangeles.craigslist.org/lac/cto/d/2014-honda-civic-si/6682390885.html
85,2012 Honda Civic EX-L W/ Navi - Only 63k Miles 4 DOORS,Honda,Civic,2012, like new, 4 cylinders,, gas,63,,, salvage, automatic,,"$7,990 ",,https://losangeles.craigslist.org/wst/cto/d/2012-honda-civic-ex-w-navi/6700670579.html
86,2008 Honda Civic LX (coupe),Honda,Civic,2009, like new, 4 cylinders,, gas,58000, grey, compact, clean, automatic, coupe,"$7,200 ",,https://losangeles.craigslist.org/sfv/cto/d/2008-honda-civic-lx-coupe/6706734763.html
87,2008 Honda Civic EX,Honda,Civic,2008, good, 4 cylinders,, gas,184000, white, compact, clean, manual, sedan,"$4,500 ",,https://losangeles.craigslist.org/lac/cto/d/2008-honda-civic-ex/6706646581.html
88,Honda civic 2010,Honda,Civic,2010, excellent, 4 cylinders,, gas,110000,,, salvage, automatic,,"$4,500 ",,https://losangeles.craigslist.org/lac/cto/d/honda-civic-2010/6691250547.html
89,08 Civic Si,Honda,Civic,2008, good, 4 cylinders, fwd, gas,217, white, sub-compact, clean, manual, coupe,"$6,000 ",,https://losangeles.craigslist.org/lgb/cto/d/08-civic-si/6706509590.html
90,2017 HANDA CIVIC,Honda,Civic,2017, like new, 4 cylinders,, gas,12789, blue,, salvage, automatic,,"$13,500 ",,https://losangeles.craigslist.org/lac/cto/d/2017-handa-civic/6706466485.html
91,Honda CIVIC HYBRID 2008 NO salvage,Honda,Civic,2008, excellent, 4 cylinders, fwd, hybrid,158000, custom, compact, clean, automatic, sedan,"$4,300 ",,https://losangeles.craigslist.org/lac/cto/d/honda-civic-hybrid-2008-no/6696266002.html
92,"2011 HONDA CIVIC LX SEDAN BLACK 87,000MILES",Honda,Civic,2011, like new,,, gas,87000,,, clean, automatic,,"$7,995 ",,https://losangeles.craigslist.org/lac/cto/d/2011-honda-civic-lx-sedan/6704154118.html
93,2017 Honda Civic Hatchback Sport (Manual),Honda,Civic,2017, excellent, 4 cylinders, fwd, gas,32000, black, compact, clean, manual, hatchback,"$20,000 ",,https://losangeles.craigslist.org/sfv/cto/d/2017-honda-civic-hatchback/6705866323.html
94,2013 Honda Civic LX,Honda,Civic,2013, like new, 4 cylinders, fwd, gas,72000, black, compact, salvage, automatic, sedan,"$7,650 ",,https://losangeles.craigslist.org/sgv/cto/d/2013-honda-civic-lx/6705789621.html
95,2018 Honda Civic Type R,Honda,Civic,2018, new, 4 cylinders, fwd, gas,1400, white,, clean, manual, hatchback,"$43,000 ",,https://losangeles.craigslist.org/lac/cto/d/2018-honda-civic-type/6705708935.html
96,2012 Civic Honda,Honda,Civic,2012, excellent, 4 cylinders, fwd, gas,89000, custom, full-size, clean, automatic, sedan,"$9,500 ", 2HGFB2F96CH567000,https://losangeles.craigslist.org/wst/cto/d/2012-civic-honda/6705700224.html
97,2008 Honda Civic EX,Honda,Civic,2008, excellent, 4 cylinders, fwd, gas,141000, brown, mid-size, clean, manual, sedan,"$5,700 ",,https://losangeles.craigslist.org/sgv/cto/d/2008-honda-civic-ex/6686703958.html
98,Honda Civic EX,Honda,Civic,2012, good, 4 cylinders,, gas,98000, silver,, clean, automatic,,"$8,000 ", Xxxxxxxxxxxx,https://losangeles.craigslist.org/sgv/cto/d/honda-civic-ex/6705685163.html
99,2013 Honda Civic hybrid,Honda,Civic,2013, excellent, 4 cylinders, rwd, hybrid,155000, white, compact, clean, automatic, sedan,"$9,800 ",,https://losangeles.craigslist.org/lgb/cto/d/2013-honda-civic-hybrid/6705603846.html
100,HONDA CIVIC 2017 SPORT HATCHBACK GRAY AUTO 12xxx miles,Honda,Civic,2017, like new, 4 cylinders,, gas,12836, grey,, clean, automatic, hatchback,"$14,998 ",,https://losangeles.craigslist.org/lac/cto/d/honda-civic-2017-sport/6705511743.html
101,Honda Civic GX 2008,Honda,Civic,2008, excellent, 4 cylinders,, other,50000, white, compact, clean, automatic, sedan,"$7,300 ",,https://losangeles.craigslist.org/lac/cto/d/honda-civic-gx-2008/6684811139.html
102,Honda civic ex coupe 2009,Honda,Civic,2009, good, 4 cylinders, rwd, gas,121500, grey,, salvage, automatic, coupe,"$4,700 ", 2hgfg12819h532656,https://losangeles.craigslist.org/lac/cto/d/honda-civic-ex-coupe-2009/6705373405.html
103,2008 Honda Civic CNG salvaged,Honda,Civic,2008, excellent, 4 cylinders, rwd, gas,108000, silver, compact, salvage, automatic, sedan,"$4,999 ",,https://losangeles.craigslist.org/sfv/cto/d/2008-honda-civic-cng-salvaged/6681348490.html
104,HONDA CIVIC EX TURBO 2016,Honda,Civic,2016, excellent, 4 cylinders,, gas,28000, silver,, salvage, automatic,,"$11,300 ",,https://losangeles.craigslist.org/lgb/cto/d/honda-civic-ex-turbo-2016/6705147463.html
105,2015 honda civic AZ,Honda,Civic,2015, good, 4 cylinders, fwd, gas,44700, black, compact, salvage, automatic, sedan,"$7,850 ",,https://losangeles.craigslist.org/lac/cto/d/2015-honda-civic-az/6705065413.html
106,2011 honda civic,Honda,Civic,2011, good, 4 cylinders, fwd, gas,141000, red, compact, clean, automatic, sedan,"$7,100 ",,https://losangeles.craigslist.org/sgv/cto/d/2011-honda-civic/6704889079.html
107,"2012 HONDA CIVIC HYBRID 4DR SEDAN 48MPG 40K MILES, SALVAG",Honda,Civic,2012, new, 4 cylinders, fwd, hybrid,40000, grey, compact, salvage, automatic, sedan,"$7,400 ",,https://losangeles.craigslist.org/sgv/cto/d/2012-honda-civic-hybrid-4dr/6683450662.html
108,2013 Honda Civic coupe salvage tittle,Honda,Civic,2013, good, 4 cylinders,, gas,73500, grey,, salvage, automatic,,"$6,900 ",,https://losangeles.craigslist.org/lac/cto/d/2013-honda-civic-coupe/6704666331.html
109,2015 Honda Civic lx automatic 4 door,Honda,Civic,2015, like new, 4 cylinders,, gas,43882, blue,, salvage, automatic,,"$7,500 ",,https://losangeles.craigslist.org/sgv/cto/d/2015-honda-civic-lx-automatic/6700263949.html
110,Honda civic lx 2016,Honda,Civic,2016, good, 4 cylinders,, gas,60000, grey,, rebuilt, automatic,,"$9,500 ",,https://losangeles.craigslist.org/sfv/cto/d/honda-civic-lx-2016/6690393470.html
111,Civic lx 2016,Honda,Civic,2016, excellent, 4 cylinders, fwd, gas,60000, grey, mid-size, rebuilt, automatic, sedan,"$9,500 ",,https://losangeles.craigslist.org/sfv/cto/d/civic-lx-2016/6690399201.html
112,2010 Honda Civic,Honda,Civic,2010, good, 4 cylinders, fwd, gas,71569, blue, mid-size, clean, automatic, sedan,"$6,000 ",,https://losangeles.craigslist.org/lgb/cto/d/2010-honda-civic/6704178496.html
113,2014 Honda Civic lx 2dr,Honda,Civic,2014, new, 4 cylinders,, gas,47000, silver,, salvage, automatic,,"$7,400 ",,https://losangeles.craigslist.org/wst/cto/d/2014-honda-civic-lx-2dr/6704151848.html
114,2008 Honda Civic Excellent Condition,Honda,Civic,2008, excellent, 4 cylinders, fwd, gas,137121, silver, compact, clean, automatic, coupe,"$5,900 ",,https://losangeles.craigslist.org/lac/cto/d/2008-honda-civic-excellent/6678328861.html
115,2012 HONDA CIVIC EX-L,Honda,Civic,2012, like new, 4 cylinders, fwd, gas,97520, grey,, salvage, automatic, coupe,"$6,800 ",,https://losangeles.craigslist.org/sgv/cto/d/2012-honda-civic-ex/6704090023.html
116,2010 Honda civic,Honda,Civic,2010, excellent, 4 cylinders, fwd, gas,113000, blue, compact, clean, automatic, coupe,"$5,300 ",,https://losangeles.craigslist.org/sgv/cto/d/2010-honda-civic/6704014196.html
117,2012 Honda Civic,Honda,Civic,2012, excellent, 4 cylinders, fwd, gas,81000, white, compact, salvage, automatic, sedan,"$6,800 ",,https://losangeles.craigslist.org/lac/cto/d/2012-honda-civic/6703687830.html
118,Honda Civic 2014 salvage,Honda,Civic,2014, good, 4 cylinders,, gas,52552, blue,, salvage, automatic, coupe,"$8,000 ",,https://losangeles.craigslist.org/lac/cto/d/honda-civic-2014-salvage/6703448899.html
119,2016 Honda Civic EX-L w/ Honda Sensing,Honda,Civic,2016, excellent, 4 cylinders, fwd, gas,28065, black, compact, clean, automatic, sedan,"$19,999 ", 19XFC1F83GE207679,https://losangeles.craigslist.org/wst/cto/d/2016-honda-civic-ex-w-honda/6703428505.html
120,2012 Honda Civic $8500,Honda,Civic,2012, excellent, 4 cylinders, fwd, gas,63000, black, compact, clean, automatic, coupe,"$8,500 ",,https://losangeles.craigslist.org/sgv/cto/d/2012-honda-civic-8500/6701188736.html
121,2012 Honda Civic $8500,Honda,Civic,2012, excellent, 4 cylinders, fwd, gas,63000, black, compact, clean, automatic, coupe,"$8,500 ",,https://losangeles.craigslist.org/sgv/cto/d/2012-honda-civic-8500/6703030515.html
122,2013 HONDA CIVIC COUPE,Honda,Civic,2013, excellent, 4 cylinders, fwd, gas,65000, brown, compact, salvage, automatic, coupe,"$6,300 ",,https://losangeles.craigslist.org/sfv/cto/d/2013-honda-civic-coupe/6702581854.html
123,2015 Honda Civic LX,Honda,Civic,2015, excellent, 4 cylinders, fwd, gas,35500, grey, compact, clean, automatic, sedan,"$13,250 ",,https://losangeles.craigslist.org/wst/cto/d/2015-honda-civic-lx/6693560795.html
124,2016 Honda Civic LX Very Good Condition!,Honda,Civic,2016, excellent, 4 cylinders, fwd, gas,21000, black, mid-size, clean, automatic, sedan,"$15,500 ", 2hgfc2f51gh56231,https://losangeles.craigslist.org/sgv/cto/d/2016-honda-civic-lx-very-good/6697349306.html
125,2010 honda civic hybrid,Honda,Civic,2010, good, 4 cylinders, fwd, hybrid,180000, grey, compact, clean, automatic, sedan,"$4,500 ",,https://losangeles.craigslist.org/lgb/cto/d/2010-honda-civic-hybrid/6702327007.html
126,2015 Honda Civic LX - low mileage - great/excellent condition,Honda,Civic,2015, excellent, 4 cylinders, fwd, gas,20700, silver, compact, clean, automatic, sedan,"$14,100 ",,https://losangeles.craigslist.org/sfv/cto/d/2015-honda-civic-lx-low/6687004823.html
127,12 HONDA CIVIC EXL AZUL,Honda,Civic,2012, good, 4 cylinders,, gas,62347,,, clean, automatic,,"$10,500 ",,https://losangeles.craigslist.org/sgv/cto/d/12-honda-civic-exl-azul/6702091609.html
128,2015 HONDA CIVIC LX SEDAN 4D,Honda,Civic,2015, like new, 4 cylinders, fwd, gas,35351, grey, compact, clean, automatic, sedan,"$11,950 ", 2HGFB2F55FH565479,https://losangeles.craigslist.org/ant/cto/d/2015-honda-civic-lx-sedan-4d/6680060360.html
129,2008 Honda Civic Excellent Condition Clean,Honda,Civic,2008, excellent, 4 cylinders, fwd, gas,133121, silver, compact, clean, automatic, sedan,"$5,900 ",,https://losangeles.craigslist.org/lac/cto/d/2008-honda-civic-excellent/6677429337.html
130,2015 HONDA CIVIC LX 4D,Honda,Civic,2015, like new, 4 cylinders, fwd, gas,35351, grey, compact, clean, automatic, sedan,"$11,950 ", 2HGFB2F55FH565479,https://losangeles.craigslist.org/lgb/cto/d/2015-honda-civic-lx-4d/6680056644.html
131,2015 HONDA CIVIC LX 4D,Honda,Civic,2015, like new, 4 cylinders, fwd, gas,35351, grey, compact, clean, automatic, sedan,"$11,950 ", 2HGFB2F55FH565479,https://losangeles.craigslist.org/sgv/cto/d/2015-honda-civic-lx-4d/6680051932.html
132,2015 HONDA CIVIC LX SEDAN 4D,Honda,Civic,2015, like new, 4 cylinders, fwd, gas,35351, grey, compact, clean, automatic, sedan,"$11,950 ", 2HGFB2F55FH565479,https://losangeles.craigslist.org/lac/cto/d/2015-honda-civic-lx-sedan-4d/6680048670.html
133,2015 HONDA CIVIC LX SEDAN 4D,Honda,Civic,2015, like new, 4 cylinders, fwd, gas,35351, grey, compact, clean, automatic, sedan,"$11,950 ", 2HGFB2F55FH565479,https://losangeles.craigslist.org/sfv/cto/d/2015-honda-civic-lx-sedan-4d/6680044157.html
134,2015 HONDA CIVIC LX SEDAN 4D,Honda,Civic,2015, like new, 4 cylinders, fwd, gas,35351, grey, compact, clean, automatic, sedan,"$11,950 ", 2HGFB2F55FH565479,https://losangeles.craigslist.org/wst/cto/d/2015-honda-civic-lx-sedan-4d/6680028527.html
135,2013 Honda Civic Si 2Dr 6Spd(One Owner/Immaculate),Honda,Civic,2013, excellent, 4 cylinders, fwd, gas,46, black, compact, clean, manual, coupe,"$14,900 ",,https://losangeles.craigslist.org/lac/cto/d/2013-honda-civic-si-2dr/6690096655.html
136,2012 Honda Civic 4dr LX,Honda,Civic,2012, good, 4 cylinders, fwd, gas,86500, black,, clean, automatic, sedan,"$7,500 ", 19xfb2f5xce344465,https://losangeles.craigslist.org/lac/cto/d/2012-honda-civic-4dr-lx/6679122328.html
137,CLEAN TITLE 2012 Honda Civic $7495,Honda,Civic,2012, good, 4 cylinders, fwd, gas,95900, black, compact, clean, automatic, coupe,"$7,945 ",,https://losangeles.craigslist.org/wst/cto/d/clean-title-2012-honda-civic/6700779547.html
138,2008 Honda Civic Excellent Condition,Honda,Civic,2008, excellent, 4 cylinders, fwd, gas,133121, silver, compact, clean, automatic, coupe,"$5,900 ", 2HGFG12688H521568,https://losangeles.craigslist.org/lac/cto/d/2008-honda-civic-excellent/6677426648.html
139,2008 HONDA CIVIC SEDAN,Honda,Civic,2008, excellent, 4 cylinders, fwd, gas,106244,, compact, salvage, automatic, sedan,"$3,800 ",,https://losangeles.craigslist.org/wst/cto/d/2008-honda-civic-sedan/6700278659.html
140,2013 Honda Civic EX,Honda,Civic,2013, like new, 4 cylinders, fwd, gas,65000, silver, mid-size, clean, automatic, sedan,"$12,900 ",,https://losangeles.craigslist.org/sgv/cto/d/2013-honda-civic-ex/6700172195.html
141,Honda Civic Si 2018 coupe,Honda,Civic,2018, new,,, gas,8000, black,, clean, manual,,"$25,500 ",,https://losangeles.craigslist.org/lgb/cto/d/honda-civic-si-2018-coupe/6699873592.html
142,2013 Honda Civic Sedan LX 1.8L White Low Mile Clean Title,Honda,Civic,2012, excellent, 4 cylinders,, gas,62535, white, compact, clean, automatic, sedan,"$8,899 ",,https://losangeles.craigslist.org/sgv/cto/d/2013-honda-civic-sedan-lx-18l/6699848977.html
143,2012 Honda Civic 4DR LX,Honda,Civic,2012, excellent, 4 cylinders, fwd, gas,108308, black, compact, clean, automatic, sedan,"$8,995 ", 19XFB2F52CE308270,https://losangeles.craigslist.org/sgv/cto/d/2012-honda-civic-4dr-lx/6699798594.html
144,2010 Honda CIVIC SI Modified,Honda,Civic,2010, new,,, gas,1645,,, clean, manual,,"$20,000 ",,https://losangeles.craigslist.org/lgb/cto/d/2010-honda-civic-si-modified/6699715319.html
145,2013 Honda Civic EX Sedan 4 door Automatic,Honda,Civic,2013, good, 4 cylinders, fwd, gas,94664, grey, compact, clean, automatic, sedan,"$10,500 ", 19XFB2F88DE231674,https://losangeles.craigslist.org/lac/cto/d/2013-honda-civic-ex-sedan-4/6699596354.html
146,2011 HONDA CIVIC GX! Natural gas vehicle (CNG) WITH HOV LANE ACCESS!,Honda,Civic,2011, good, 4 cylinders, rwd, other,56000, grey, compact, clean, automatic, sedan,"$8,000 ", 19XFA4F55BE000961,https://losangeles.craigslist.org/wst/cto/d/2011-honda-civic-gx-natural/6684778716.html
147,2012 HONDA CIVIC HYBRID 4DR SEDAN 43MPG 40K,Honda,Civic,2012, new, 4 cylinders, fwd, hybrid,40000, orange, mid-size, salvage, automatic, sedan,"$7,400 ",,https://losangeles.craigslist.org/sgv/cto/d/2012-honda-civic-hybrid-4dr/6680859208.html
148,2016 Honda Civic Coupe,Honda,Civic,2016, excellent, 4 cylinders, rwd, gas,22000, red, compact, clean, automatic, coupe,"$14,800 ", 2HGFC4B52GH300065,https://losangeles.craigslist.org/sgv/cto/d/2016-honda-civic-coupe/6698928736.html
149,2013 Honda Civic LX,Honda,Civic,2013, excellent, 4 cylinders, fwd, gas,110730, black,, clean, automatic, sedan,"$7,950 ", 19XFB2F56DE255834,https://losangeles.craigslist.org/wst/cto/d/2013-honda-civic-lx/6698907105.html
150,DON'T MISS OUT ON THIS BEAUTY,Honda,Civic,2014, excellent, 6 cylinders, fwd, gas,28880, grey, mid-size, clean, automatic, sedan,"$15,900 ", 19xfb2f90ee269782,https://losangeles.craigslist.org/lac/cto/d/dont-miss-out-on-this-beauty/6698826312.html
151,2008 Honda Civic,Honda,Civic,2008, excellent, 4 cylinders, fwd, gas,120000, blue, compact, salvage, automatic,,"$3,950 ",,https://losangeles.craigslist.org/sfv/cto/d/2008-honda-civic/6698799440.html
152,Honda civic 2012,Honda,Civic,2012, like new, 4 cylinders,, gas,84,,, salvage, automatic,,"$6,500 ",,https://losangeles.craigslist.org/lac/cto/d/honda-civic-2012/6698298508.html
153,Honda Civic 2010,Honda,Civic,2010, like new, 4 cylinders, fwd, gas,72000, grey, compact, salvage, automatic, sedan,"$5,300 ",,https://losangeles.craigslist.org/lgb/cto/d/honda-civic-2010/6698240117.html
154,Honda civic 2010,Honda,Civic,2010, like new, 4 cylinders, fwd, gas,48535, blue, full-size, salvage, automatic, sedan,"$5,900 ",,https://losangeles.craigslist.org/lac/cto/d/honda-civic-2010/6684551892.html
155,2012 HONDA CIVIC EX SPORT,Honda,Civic,2012, good,,, gas,89980,,, salvage, automatic,,"$5,980 ",,https://losangeles.craigslist.org/sfv/cto/d/2012-honda-civic-ex-sport/6698062053.html
156,2017 Honda Civic ex tlitle salvaje,Honda,Civic,2017, excellent, 4 cylinders, fwd, gas,134259, black, mid-size, salvage, automatic, sedan,"$10,800 ",,https://losangeles.craigslist.org/sfv/cto/d/2017-honda-civic-ex-tlitle/6697276128.html
157,Honda Civic 2008,Honda,Civic,2008, good, 4 cylinders, 4wd, gas,136782, black, full-size, clean, automatic, sedan,"$4,800 ", 2HGFA16568H304569,https://losangeles.craigslist.org/sgv/cto/d/honda-civic-2008/6697066351.html
158,2011 HONDA CIVIC EX,Honda,Civic,2011, excellent, 4 cylinders, fwd, gas,90700, brown, compact, clean, automatic, coupe,"$8,200 ",,https://losangeles.craigslist.org/sgv/cto/d/2011-honda-civic-ex/6674748183.html
159,Honda Civic Coupe 2012,Honda,Civic,2012, excellent, 4 cylinders, fwd, gas,92000, grey, compact, clean, automatic, coupe,"$9,700 ",,https://losangeles.craigslist.org/sgv/cto/d/honda-civic-coupe-2012/6696383255.html
160,2017 Honda Civic LX,Honda,Civic,2017, excellent, 4 cylinders, fwd, gas,14130, grey, compact, salvage, automatic, sedan,"$10,700 ", HH503845,https://losangeles.craigslist.org/lac/cto/d/2017-honda-civic-lx/6693083868.html
161,2011 HONDA CIVIC LX 4 DOOR SEDAN,Honda,Civic,2011, excellent, 4 cylinders, fwd, gas,105000, red, compact, salvage, automatic, sedan,"$5,250 ",,https://losangeles.craigslist.org/sfv/cto/d/2011-honda-civic-lx-4-door/6670372160.html
162,2010 HONDA CIVIC EX 4 DOOR SEDAN,Honda,Civic,2010, like new, 4 cylinders, fwd, gas,103000, grey, compact, salvage, automatic, sedan,"$5,550 ",,https://losangeles.craigslist.org/sfv/cto/d/2010-honda-civic-ex-4-door/6670106109.html
163,CLEAN TITLE 2012 Honda Civic $8000,Honda,Civic,2012, good, 4 cylinders, fwd, gas,95900, black, compact, clean, automatic, coupe,"$8,000 ",,https://losangeles.craigslist.org/wst/cto/d/clean-title-2012-honda-civic/6695451233.html
164,2014 Honda Civic - 1st owner - clean title - low mileage,Honda,Civic,2014, excellent, 4 cylinders, fwd, gas,42200, grey,, clean, automatic,,"$11,300 ", 19XFB2F58EE209634,https://losangeles.craigslist.org/sgv/cto/d/2014-honda-civic-1st-owner/6695353267.html
165,2016 Honda Civic,Honda,Civic,2016, like new, 4 cylinders,, gas,128000, grey,, clean, automatic,,"$11,000 ",,https://losangeles.craigslist.org/lgb/cto/d/2016-honda-civic/6695287701.html
166,***2011 Honda Civic LX ONLY 45k Miles***,Honda,Civic,2011, excellent, 5 cylinders,, gas,45387, white,, clean, automatic, coupe,"$12,000 ", 2HGFG1B69BH517231,https://losangeles.craigslist.org/wst/cto/d/2011-honda-civic-lx-only-45k/6695284376.html
167,2008 Honda civic hybrid,Honda,Civic,2008, excellent, 4 cylinders, fwd, gas,122000, white, compact, clean, automatic, sedan,"$2,200 ", xxxxxxxxxxxxxxxx,https://losangeles.craigslist.org/lac/cto/d/2008-honda-civic-hybrid/6695169835.html
168,2008 honda civic lx,Honda,Civic,2008, excellent, 4 cylinders, fwd, gas,120000, black, compact, salvage, automatic, sedan,"$4,500 ",,https://losangeles.craigslist.org/lgb/cto/d/2008-honda-civic-lx/6695135751.html
169,2012 honda civic 1 owner,Honda,Civic,2012, good, 4 cylinders, fwd, gas,108195, black, compact, clean, automatic, sedan,"$7,000 ",,https://losangeles.craigslist.org/wst/cto/d/2012-honda-civic-1-owner/6691814086.html
170,Honda civic lx,Honda,Civic,2015, excellent, 4 cylinders, fwd, gas,21805, black, compact, salvage, automatic, sedan,"$8,800 ",,https://losangeles.craigslist.org/ant/cto/d/honda-civic-lx/6694604719.html
171,"2012 HONDA CIVIC HYBRID 4DR SEDAN 48MPG 40K MILES, SALVAGE, $7400",Honda,Civic,2012, excellent, 4 cylinders, fwd, hybrid,40000, grey, compact, salvage, automatic, sedan,"$7,400 ",,https://losangeles.craigslist.org/sfv/cto/d/2012-honda-civic-hybrid-4dr/6671399693.html
172,"2015 Honda Civic - Manuel - 53,000 miles",Honda,Civic,2015, excellent,,, gas,53000, grey,, clean, manual, sedan,"$12,000 ",,https://losangeles.craigslist.org/lgb/cto/d/2015-honda-civic-manuelmiles/6694276695.html
173,14 civic,Honda,Civic,2014, excellent, 4 cylinders, fwd, gas,90000, brown, compact, salvage, automatic, sedan,"$7,000 ",,https://losangeles.craigslist.org/lgb/cto/d/14-civic/6693812642.html
174,BRAND NEW 2016 HONDA CIVIC - CLEAN TITLE,Honda,Civic,2016, like new, 4 cylinders,, gas,26000, black,, clean, automatic, sedan,"$19,200 ",,https://losangeles.craigslist.org/sfv/cto/d/brand-new-2016-honda-civic/6680744474.html
175,HONDA CIVIC EX 2014 44xxx miles sunroof white,Honda,Civic,2014, like new, 4 cylinders,, gas,44284, white,, clean, automatic, sedan,"$8,997 ",,https://losangeles.craigslist.org/lac/cto/d/honda-civic-exxxx-miles/6693733537.html
176,2015 Honda Civic Si Coupe,Honda,Civic,2015, like new, 4 cylinders, fwd, gas,39000, white,, clean, manual, coupe,"$17,000 ",,https://losangeles.craigslist.org/sgv/cto/d/2015-honda-civic-si-coupe/6693617446.html
177,2016 Honda Civic LX Very Good Condition!,Honda,Civic,2016, excellent, 4 cylinders, fwd, gas,20700, black, mid-size, clean, automatic, sedan,"$15,750 ", 2hgfc2f51gh56231,https://losangeles.craigslist.org/lac/cto/d/2016-honda-civic-lx-very-good/6693546951.html
178,2014 Honda civic one owner great condition gas saver well maintane,Honda,Civic,2014, like new, 4 cylinders, fwd, gas,71400, green, compact, clean, manual, sedan,"$8,250 ",,https://losangeles.craigslist.org/sgv/cto/d/2014-honda-civic-one-owner/6669395909.html
179,2014 civic,Honda,Civic,2014, excellent, 4 cylinders, fwd, gas,94000, brown, compact, salvage, automatic, sedan,"$7,000 ",,https://losangeles.craigslist.org/wst/cto/d/2014-civic/6693083614.html
180,2015 civic hybrid,Honda,Civic,2015, excellent, 4 cylinders, fwd, gas,70000, brown, compact, salvage, automatic, sedan,"$8,000 ",,https://losangeles.craigslist.org/wst/cto/d/2015-civic-hybrid/6693081752.html
181,2013 civic,Honda,Civic,2013, good, 4 cylinders, fwd, gas,98000, brown, compact, clean, automatic, sedan,"$7,800 ",,https://losangeles.craigslist.org/sfv/cto/d/2013-civic/6692971986.html
182,2010 Honda Civic SI,Honda,Civic,2010, excellent, 4 cylinders, fwd, gas,149000, white, compact, clean, manual, coupe,"$6,000 ",,https://losangeles.craigslist.org/wst/cto/d/2010-honda-civic-si/6692747089.html
183,2015 Honda Civic SE - Super clean,Honda,Civic,2015, like new, 4 cylinders, fwd, gas,82172, black, compact, clean, automatic, sedan,"$11,565 ", 19XFB2F73FE256461,https://losangeles.craigslist.org/sfv/cto/d/2015-honda-civic-se-super/6667450215.html
184,2008 Honda civic,Honda,Civic,2008, excellent, 4 cylinders, fwd, gas,125000, grey, compact, clean, automatic, sedan,"$4,900 ",,https://losangeles.craigslist.org/sfv/cto/d/2008-honda-civic/6692682191.html
185,HONDA CIVIC 2016,Honda,Civic,2016, good, other, fwd, gas,71910, silver,, clean, automatic,,"$16,999 ",,https://losangeles.craigslist.org/lgb/cto/d/honda-civic-2016/6692666077.html
186,2008 Honda civic,Honda,Civic,2008, excellent, 4 cylinders, fwd, gas,125000, grey, compact, clean, automatic, sedan,"$5,300 ",,https://losangeles.craigslist.org/sfv/cto/d/2008-honda-civic/6692606233.html
187,Honda Civic LX 2013 (5 speed manual transmission),Honda,Civic,2013, excellent, 4 cylinders, fwd, gas,60000, silver, compact, clean, manual, sedan,"$10,000 ", 19XFB2E58DE057242,https://losangeles.craigslist.org/sfv/cto/d/honda-civic-lxspeed-manual/6692598241.html
188,2013 Honda Civic,Honda,Civic,2013, good, 4 cylinders, fwd, gas,36000, silver,, salvage, automatic,,"$8,800 ",,https://losangeles.craigslist.org/lgb/cto/d/2013-honda-civic/6692059480.html
189,[PRICE REDUCED] 2016 Honda Civic LE 4Dr Sedan,Honda,Civic,2016, excellent, 4 cylinders, fwd, gas,39259, grey,, clean, automatic, sedan,"$14,990 ", 2HGFC2F56GH550665,https://losangeles.craigslist.org/lac/cto/d/price-reduced-2016-honda/6685921785.html
190,2013 Honda Civic EX,Honda,Civic,2013, excellent, 4 cylinders,, gas,40750,,, clean, automatic, sedan,"$13,500 ", 19xfb2f81de279629,https://losangeles.craigslist.org/sgv/cto/d/2013-honda-civic-ex/6668782245.html
191,"2009 HONDA CIVIC LX 4D Automatic, one owner",Honda,Civic,2009, good, 4 cylinders, fwd, gas,83000,,, clean, automatic,,"$7,700 ",,https://losangeles.craigslist.org/sgv/cto/d/2009-honda-civic-lx-4d/6672762728.html
192,2008 Honda Civic with Only 56200 Miles,Honda,Civic,2008, good,,, gas,56200, blue, mid-size, clean, automatic, sedan,"$5,500 ", 2HGFA16598H536566,https://losangeles.craigslist.org/wst/cto/d/2008-honda-civic-with/6690434904.html
193,Honda Civic 2008 low mileage one owner,Honda,Civic,2008, good, 4 cylinders, fwd, gas,90000, red, compact, clean, automatic, coupe,"$4,800 ",,https://losangeles.craigslist.org/wst/cto/d/honda-civic-2008-low-mileage/6689859229.html
194,2010 honda civic ex trade for 4x4 jeep grand cherokee,Honda,Civic,2010, good, 4 cylinders, fwd, gas,147000, red, compact, salvage, automatic, coupe,"$4,900 ",,https://losangeles.craigslist.org/ant/cto/d/2010-honda-civic-ex-trade-for/6689800786.html
195,2009 Honda Civic Coupe,Honda,Civic,2009, excellent,,, gas,82885, white, mid-size, salvage, automatic, coupe,"$5,500 ",,https://losangeles.craigslist.org/lgb/cto/d/2009-honda-civic-coupe/6674502566.html
196,For sale,Honda,Civic,2008, excellent, 4 cylinders,, gas,83, silver, compact, clean, automatic, sedan,"$7,300 ",,https://losangeles.craigslist.org/wst/cto/d/for-sale/6689388477.html
197,2015 HONDA CIVIC,Honda,Civic,2015, excellent,,, gas,28600, silver,, clean, automatic,,"$13,500 ",,https://losangeles.craigslist.org/lgb/cto/d/2015-honda-civic/6689249842.html
198,2010 Honda Civic LX,Honda,Civic,2010, good, 4 cylinders, fwd, gas,101000, blue, compact, clean, automatic, sedan,"$5,999 ", 2HGFA1F54AH579024,https://losangeles.craigslist.org/wst/cto/d/2010-honda-civic-lx/6667013085.html
199,2014 honda civic si sedan,Honda,Civic,2014, like new, 4 cylinders, fwd, gas,70000, red,, clean, manual, sedan,"$17,000 ",,https://losangeles.craigslist.org/wst/cto/d/2014-honda-civic-si-sedan/6688987568.html
200,Honda Civic 2015 for sale only 36k miles!!!,Honda,Civic,2015, excellent, 4 cylinders, fwd, gas,36400, blue, mid-size, clean, automatic, sedan,"$13,800 ",,https://losangeles.craigslist.org/lgb/cto/d/honda-civic-2015-for-sale/6688576836.html
201,2013 HONDA CIVIC LX,Honda,Civic,2013, excellent, 4 cylinders, fwd, gas,27537, grey, compact, salvage, automatic, sedan,"$9,500 ",,https://losangeles.craigslist.org/wst/cto/d/2013-honda-civic-lx/6688333730.html
202,honda civic ex,Honda,Civic,2012, like new, 4 cylinders,, gas,133,,, salvage, automatic,,"$6,000 ",,https://losangeles.craigslist.org/lac/cto/d/honda-civic-ex/6688317599.html
203,2016 HONDA CIVIC,Honda,Civic,2016, excellent,, fwd, gas,23199, white, compact, salvage, automatic, sedan,"$10,000 ",,https://losangeles.craigslist.org/lac/cto/d/2016-honda-civic/6672075375.html
204,2016 HONDA CIVIC 1.5 TURBO,Honda,Civic,2016, excellent,, fwd, gas,48375, grey,, salvage, automatic, sedan,"$10,799 ",,https://losangeles.craigslist.org/sfv/cto/d/2016-honda-civic-15-turbo/6672069840.html
205,Honda Civic 2015 Black Car-CLEAN Title Low Mileage,Honda,Civic,2015, good,,, gas,27000, black,, clean, automatic, sedan,"$13,995 ",,https://losangeles.craigslist.org/wst/cto/d/honda-civic-2015-black-car/6678794290.html
206,2009 Honda Civic - Low Mileage (81k),Honda,Civic,2009, excellent, 4 cylinders, fwd, gas,81361, grey, compact, clean, automatic, sedan,"$7,950 ", 19XFA16529E029570,https://losangeles.craigslist.org/wst/cto/d/2009-honda-civic-low-mileage/6687566108.html
207,2016 Honda Civic LX VERY GOOD CONDITION,Honda,Civic,2016, excellent, 4 cylinders, fwd, gas,20650, black, mid-size, clean, automatic, sedan,"$15,750 ", 2hgfc2f51gh56231,https://losangeles.craigslist.org/lac/cto/d/2016-honda-civic-lx-very-good/6687554938.html
208,2008 Honda Civic Hybryd,Honda,Civic,2008, good, 4 cylinders, fwd, hybrid,232000, silver, compact, clean, automatic, sedan,"$3,100 ",,https://losangeles.craigslist.org/ant/cto/d/2008-honda-civic-hybryd/6667668603.html
209,"2012 HONDA CIVIC HYBRID 4DR SEDAN 48MPG 40K MILES, SALVAGE, $7400 C",Honda,Civic,2012, excellent, 4 cylinders, fwd, hybrid,40000, grey, compact, salvage, automatic, sedan,"$7,400 ",,https://losangeles.craigslist.org/sgv/cto/d/2012-honda-civic-hybrid-4dr/6672998100.html
210,2010 Honda Civic LX Sedan,Honda,Civic,2010, excellent, 4 cylinders, fwd, gas,105000, silver, compact, clean, automatic, sedan,"$6,800 ",,https://losangeles.craigslist.org/sgv/cto/d/2010-honda-civic-lx-sedan/6686670065.html
211,09 Civic SI,Honda,Civic,2009, like new, 4 cylinders, fwd, gas,116000, black,, clean, manual,,"$7,500 ",,https://losangeles.craigslist.org/sgv/cto/d/09-civic-si/6685920224.html
212,"2014:Honda Civic LX Sedan, 56K Miles, Silver",Honda,Civic,2014, excellent, 4 cylinders, fwd, gas,56036, silver, compact, clean, automatic, sedan,"$12,000 ",,https://losangeles.craigslist.org/sfv/cto/d/2014honda-civic-lx-sedan-56k/6685345244.html
213,"Used Honda Civic LX $5,500 OBO CASH ONLY",Honda,Civic,2009, good, 4 cylinders,, gas,112754, blue,, clean, automatic, sedan,"$5,500 ", 2HGFA16529H520405,https://losangeles.craigslist.org/lac/cto/d/used-honda-civic-lx-5500-obo/6685265882.html
214,2016 Honda Civic Ex,Honda,Civic,2016, like new, 4 cylinders, fwd, gas,52000, black, mid-size, salvage, automatic, sedan,"$10,200 ",,https://losangeles.craigslist.org/lgb/cto/d/2016-honda-civic-ex/6685011017.html
215,2016 Honda Civic Ex,Honda,Civic,2016, like new, 4 cylinders, fwd, gas,52000, black, mid-size, salvage, automatic, sedan,"$10,200 ",,https://losangeles.craigslist.org/lac/cto/d/2016-honda-civic-ex/6684996308.html
216,2011 HONDA CIVIC GX! Natural gas vehicle (CNG) WITH HOV LANE ACCESS!,Honda,Civic,2011, good, 4 cylinders, rwd, other,55000, grey, compact, clean, automatic, sedan,"$8,500 ", 19XFA4F55BE000961,https://losangeles.craigslist.org/wst/cto/d/2011-honda-civic-gx-natural/6684778234.html
