,Title,Make,Model,Year,condition,cylinders,drive,fuel,odometer,paint color,size,title status,transmission,type,Price,VIN,Link
0,"2009 Toyota Pirus IV, 112000 miles",Toyota,Prius,2009, excellent, 4 cylinders, fwd, hybrid, 112000, white, compact, clean, automatic, sedan,$7800, JTDKB20U797858488,https://losangeles.craigslist.org/lgb/cto/d/2009-toyota-pirus-ivmiles/6703088577.html
1,2009 Toyota Prius clean title clean carfax camera 178k,Toyota,Prius,2009, excellent, 4 cylinders, fwd, hybrid, 178925,, compact, clean, automatic, hatchback,$4400,,https://losangeles.craigslist.org/wst/cto/d/2009-toyota-prius-clean-title/6710612940.html
2,"2008 TOYOTA PRIUS -- 81,000 MILES -",Toyota,Prius,2008, excellent, 4 cylinders, fwd, hybrid, 81000, green, compact, clean, automatic, hatchback,$10500, jtdkb20u583368766,https://losangeles.craigslist.org/wst/cto/d/2008-toyota-priusmiles/6697992822.html
3,** 2011 Toyota Prius **,Toyota,Prius,2011, excellent, 4 cylinders, fwd, hybrid, 83600, white, mid-size, clean, automatic, hatchback,$9900,,https://losangeles.craigslist.org/sgv/cto/d/2011-toyota-prius/6710538316.html
4,2010 Toyota Prius,Toyota,Prius,2010, excellent,,, hybrid, 113000,,, clean, automatic,,$7400,,https://losangeles.craigslist.org/lac/cto/d/2010-toyota-prius/6710549852.html
5,2013 Toyota prius IV low 87k miles clean title,Toyota,Prius,2013, excellent,,, gas, 87277,,, clean, automatic,,$12900,,https://losangeles.craigslist.org/lgb/cto/d/2013-toyota-prius-iv-low-87k/6694760217.html
6,Black 2017 Toyota Prius 2 Eco Hatchback 4D,Toyota,Prius,2017, new, 4 cylinders, fwd, hybrid, 5300, black, compact, clean, automatic, hatchback,$22500, JTDKBRFU9H3048267,https://losangeles.craigslist.org/sfv/cto/d/black-2017-toyota-prius-2-eco/6708405876.html
7,2016 Toyota Prius 3 Touring,Toyota,Prius,2016, like new, 4 cylinders, fwd, hybrid, 58500, white, full-size, clean, automatic, sedan,$20900, JTDKARFU9G3016694,https://losangeles.craigslist.org/lac/cto/d/2016-toyota-prius-3-touring/6708272360.html
8,2009 Toyota Prius Hatchback *31 Service Recs* CLEAN TITLE,Toyota,Prius,2009, good, 4 cylinders,, hybrid, 196000,,, clean, automatic, hatchback,$3995,,https://losangeles.craigslist.org/lgb/cto/d/2009-toyota-prius-hatchback/6710321306.html
9,2009 Toyota Prius,Toyota,Prius,2009, like new, 4 cylinders, fwd, hybrid, 149000, white, full-size, clean, automatic, hatchback,$5800,,https://losangeles.craigslist.org/sfv/cto/d/2009-toyota-prius/6710313554.html
10,2015 Prius $16.5 OBO,Toyota,Prius,2015, like new,,, hybrid, 48000, white,, salvage, automatic,,$16500,,https://losangeles.craigslist.org/wst/cto/d/2015-prius-165-obo/6710302145.html
11,2014 Toyota Prius Plug in--54k Miles--Clean Title--Excellent Condition,Toyota,Prius,2014, excellent, 4 cylinders,, hybrid, 54000,,, clean, automatic,,$15500,,https://losangeles.craigslist.org/lac/cto/d/2014-toyota-prius-plug-in-54k/6708544293.html
12,2013 Toyota Prius Persona Series 83k miles,Toyota,Prius,2013, excellent, 4 cylinders, fwd, hybrid, 83358, white,, salvage, automatic,,$9500, JTDKN3DU7D5593230,https://losangeles.craigslist.org/sfv/cto/d/2013-toyota-prius-persona/6710267699.html
13,2011 Toyota Prius Touring Edition 85k miles,Toyota,Prius,2011, excellent, 4 cylinders, fwd, hybrid, 85586, black,, salvage, automatic,,$8200, JTDKN3DU9A5014721,https://losangeles.craigslist.org/sfv/cto/d/2011-toyota-prius-touring/6710264589.html
14,2015 TOYOTA PRIUS II HYBRID  EXCELLENT CONDITION LOW MILES GOOD DEAL,Toyota,Prius,2015, excellent, 4 cylinders, fwd, hybrid, 47000, white, mid-size, clean, automatic, sedan,$13900,,https://losangeles.craigslist.org/lac/cto/d/2015-toyota-prius-ii-hybrid/6707700726.html
15,2015 Prius Persona clean,Toyota,Prius,2015, like new, other, fwd, hybrid, 100800, white, compact, clean, automatic, hatchback,$15000,,https://losangeles.craigslist.org/lac/cto/d/2015-prius-persona-clean/6695617417.html
16,2014 TOYOTA PRIUS 84K MILES LEATHER GPS PRIUS 4,Toyota,Prius,2014, excellent, 4 cylinders, fwd, hybrid, 84000, black, compact, salvage, automatic, hatchback,$9500,,https://losangeles.craigslist.org/sfv/cto/d/2014-toyota-prius-84k-miles/6710224120.html
17,2014 Prius Plug-in (Excellent condition/1 owner/clean title),Toyota,Prius,2014, excellent,,, hybrid, 75000, grey, compact, clean, automatic, hatchback,$13990,,https://losangeles.craigslist.org/wst/cto/d/2014-prius-plug-in-excellent/6710174413.html
18,2010 TOYOTA PRIUS - EXCELLENT CONDITION - [NEW HYBRID BATTERY],Toyota,Prius,2010, excellent, 4 cylinders,, hybrid, 209206,,, clean, automatic,,$5950,,https://losangeles.craigslist.org/lac/cto/d/2010-toyota-prius-excellent/6710070791.html
19,2008 Prius maintained by dealer,Toyota,Prius,2008, good, 4 cylinders, fwd, gas, 158000, blue, compact, clean, automatic, hatchback,$5900,,https://losangeles.craigslist.org/sfv/cto/d/2008-prius-maintained-by/6710151211.html
20,2010 TOYOTA PRIUS - [NEW HYBRID BATTERY] CLEAN TITLE,Toyota,Prius,2010, excellent,,, hybrid, 209000,,, clean, automatic,,$5950,,https://losangeles.craigslist.org/lac/cto/d/2010-toyota-prius-new-hybrid/6710126893.html
21,2014 Toyota Prius,Toyota,Prius,2014, good,,, gas, 62000, grey,, clean, automatic,,$12500,,https://losangeles.craigslist.org/lac/cto/d/2014-toyota-prius/6710147496.html
22,Toyota prius 2011,Toyota,Prius,2011, good, 4 cylinders, fwd, hybrid, 106000,, mid-size, salvage, automatic, sedan,$5700,,https://losangeles.craigslist.org/sfv/cto/d/toyota-prius-2011/6710121439.html
23,2010 TOYOTA PRIUS - CLEAN CARFAX - NEW HYBRID BATTERY!!,Toyota,Prius,2010, excellent, 4 cylinders, fwd, hybrid, 209260, black,, clean, automatic, hatchback,$5950,,https://losangeles.craigslist.org/sfv/cto/d/2010-toyota-prius-clean/6710078002.html
24,2010 Prius,Toyota,Prius,2010, good, 4 cylinders, fwd, gas, 133000, black, compact, clean, automatic, hatchback,$6500,,https://losangeles.craigslist.org/ant/cto/d/2010-prius/6710089026.html
25,2008 toyota prius 135k miles LOADED car fax,Toyota,Prius,2008, excellent, 4 cylinders,, hybrid, 140981,,, salvage, automatic,,$4200, JTDKB20UX87773370,https://losangeles.craigslist.org/sfv/cto/d/2008-toyota-prius-135k-miles/6686248219.html
26,2010 Toyota Prius,Toyota,Prius,2010, excellent, 4 cylinders, fwd, hybrid, 69130, white, full-size, clean, automatic, hatchback,$10500, JTDKN3DUXA0098707,https://losangeles.craigslist.org/wst/cto/d/2010-toyota-prius/6710052190.html
27,2015 Toyota Prius C with partial extended warranty,Toyota,Prius,2015, excellent, 4 cylinders, fwd, hybrid, 23000, blue, compact, clean, automatic, hatchback,$13500, JTDKDTB30F1097628,https://losangeles.craigslist.org/sfv/cto/d/2015-toyota-prius-with/6710002066.html
28,2015 Toyota Prius -NAVIGATION/BACKUP CAMERA,Toyota,Prius,2015, excellent, 4 cylinders, fwd, hybrid, 54000, blue, full-size, clean, automatic, hatchback,$12800,,https://losangeles.craigslist.org/sfv/cto/d/2015-toyota-prius-navigation/6709949798.html
29,2010 Toyota Prius IV,Toyota,Prius,2010, excellent, 4 cylinders, fwd, hybrid, 169000, blue, compact, clean, automatic, hatchback,$5900, JTDKN3DU4A0025249,https://losangeles.craigslist.org/lac/cto/d/2010-toyota-prius-iv/6709886116.html
30,2010 Toyota Prius II Hybrid Hatchback ** Low Mileage - Clean Title **,Toyota,Prius,2010, excellent, 4 cylinders, fwd, hybrid, 71300, blue, compact, clean, automatic, hatchback,$9500,,https://losangeles.craigslist.org/lac/cto/d/2010-toyota-prius-ii-hybrid/6709872624.html
31,"Toyota Prius C 2016, Low Mileage , Like New , Clean Title, One Owner",Toyota,Prius,2016, like new, 4 cylinders, fwd, hybrid, 20126, blue, compact, clean, automatic, hatchback,$14900,,https://losangeles.craigslist.org/wst/cto/d/toyota-prius-2016-low-mileage/6709837628.html
32,sweet black 2014 prius  + low miles,Toyota,Prius,2014, good, 4 cylinders, fwd, gas, 49000, black, compact, salvage, automatic, hatchback,$5700,,https://losangeles.craigslist.org/lgb/cto/d/sweet-black-2014-prius-low/6709826060.html
33,2015 Toyota Prius c Four,Toyota,Prius,2015, like new, 4 cylinders, fwd, hybrid, 46341, white, compact, clean, automatic, hatchback,$15000, JTDKDTB30F1090727,https://losangeles.craigslist.org/lac/cto/d/2015-toyota-prius-four/6686072187.html
34,2008 Toyota Prius fully loaded,Toyota,Prius,2008, excellent, 4 cylinders, fwd, hybrid, 105369, grey,, salvage, automatic,,$5000, JTDKB20U183318797,https://losangeles.craigslist.org/sfv/cto/d/2008-toyota-prius-fully-loaded/6709674285.html
35,2015 toyota prius,Toyota,Prius,2015, excellent, 4 cylinders, fwd, hybrid, 83000, white, full-size, clean, automatic,,$13500, jtdkn3du3f0423141,https://losangeles.craigslist.org/lac/cto/d/2015-toyota-prius/6709710205.html
36,2015 toyota prius,Toyota,Prius,2015, excellent, 4 cylinders, fwd, hybrid, 83000, white, full-size, clean, automatic,,$13500, jtdkn3du3f0423141,https://losangeles.craigslist.org/lac/cto/d/2015-toyota-prius/6709709866.html
37,2015 toyota prius,Toyota,Prius,2015, excellent, 4 cylinders, fwd, hybrid, 83000, white, full-size, clean, automatic,,$13500, jtdkn3du3f0423141,https://losangeles.craigslist.org/lac/cto/d/2015-toyota-prius/6709709419.html
38,2015 toyota prius,Toyota,Prius,2015, excellent, 4 cylinders, fwd, hybrid, 83000, white, full-size, clean, automatic,,$13500, jtdkn3du3f0423141,https://losangeles.craigslist.org/lac/cto/d/2015-toyota-prius/6709708961.html
39,2009 Toyota Prius Hybrid,Toyota,Prius,2009, excellent, 4 cylinders, fwd, hybrid, 154000, silver,, salvage, automatic, sedan,$4300,,https://losangeles.craigslist.org/sgv/cto/d/2009-toyota-prius-hybrid/6707539649.html
40,2014 Silver Prius - Original Owner - 50MPG,Toyota,Prius,2014, excellent, 4 cylinders, fwd, hybrid, 106000, silver, mid-size, clean, automatic, hatchback,$11500, JTDKN3DU7E17819,https://losangeles.craigslist.org/sfv/cto/d/2014-silver-prius-original/6691328874.html
41,2015 toyota prius,Toyota,Prius,2015, excellent, 4 cylinders, fwd, hybrid, 83000, white, full-size, clean, automatic,,$13500, jtdkn3du3f0423141,https://losangeles.craigslist.org/lac/cto/d/2015-toyota-prius/6709696198.html
42,2008 Toyota Prius Touring Edition,Toyota,Prius,2008, excellent, 4 cylinders, fwd, hybrid, 128195, black,, salvage, automatic,,$5000, JTDKB20U383386392,https://losangeles.craigslist.org/sfv/cto/d/2008-toyota-prius-touring/6709677763.html
43,2015 toyota prius,Toyota,Prius,2015, excellent, 5 cylinders, fwd, hybrid, 83200, white, full-size, clean, automatic, sedan,$13500, jtdkn3du3f0423141,https://losangeles.craigslist.org/wst/cto/d/2015-toyota-prius/6709695535.html
44,2015 toyota prius,Toyota,Prius,2015, excellent, 4 cylinders, fwd, hybrid, 83200, white, full-size, clean, automatic, sedan,$13500, jtdkn3du3f0423141,https://losangeles.craigslist.org/lgb/cto/d/2015-toyota-prius/6709695245.html
45,2007 Toyota Prius Touring Edition,Toyota,Prius,2008, excellent, 4 cylinders, fwd, hybrid, 110296,,, salvage, automatic,,$5000, JTDKB20U083356654,https://losangeles.craigslist.org/sfv/cto/d/2007-toyota-prius-touring/6709674823.html
46,2015 toyota prius,Toyota,Prius,2015, excellent, 4 cylinders, fwd, hybrid, 83200, white, full-size, clean, automatic, sedan,$13500, jtdkn3du3f0423141,https://losangeles.craigslist.org/lgb/cto/d/2015-toyota-prius/6709694644.html
47,2011 TOYOTA PRIUS LOW MILES 68K ORIGINAL,Toyota,Prius,2011, excellent, 4 cylinders, fwd, hybrid, 68700, grey, compact, salvage, automatic, hatchback,$7300,,https://losangeles.craigslist.org/sfv/cto/d/2011-toyota-prius-low-miles/6702528439.html
48,2010 TOYOTA PRIUS GOLD ONLY 60k original miles,Toyota,Prius,2010, like new, 4 cylinders, fwd, hybrid, 60380, brown, compact, salvage, automatic, hatchback,$7499,,https://losangeles.craigslist.org/sfv/cto/d/2010-toyota-prius-gold-only/6706681837.html
49,2011 toyota prius,Toyota,Prius,2011, good, 4 cylinders, fwd, hybrid, 259400, green, compact, clean, automatic, hatchback,$4100,,https://losangeles.craigslist.org/lgb/cto/d/2011-toyota-prius/6709647489.html
50,2015 toyota prius c 2 clean title fully maintained mint condition,Toyota,Prius,2015, excellent, 4 cylinders, fwd, hybrid, 121000, silver, compact, clean, automatic, hatchback,$8400,,https://losangeles.craigslist.org/lgb/cto/d/2015-toyota-prius-2-clean/6709449956.html
51,toyota prius 3 2015 low miles clean title one owner !!!! warranty,Toyota,Prius,2015, good, 4 cylinders, fwd, hybrid, 33000, white, compact, clean, automatic, hatchback,$16300,,https://losangeles.craigslist.org/lgb/cto/d/toyota-priuslow-miles-clean/6704919522.html
52,Toyota Prius Hybrido 2014,Toyota,Prius,2014, excellent, 4 cylinders, fwd, gas, 132400, grey, mid-size, clean, automatic, hatchback,$10900,,https://losangeles.craigslist.org/sfv/cto/d/toyota-prius-hybrido-2014/6687145733.html
53,2014 Toyota Prius Low Mileage with Sunroof,Toyota,Prius,2014, excellent, 4 cylinders, fwd, hybrid, 27000, black,, clean, automatic,,$15900, jtdkn3du3e1771692,https://losangeles.craigslist.org/wst/cto/d/2014-toyota-prius-low-mileage/6702057275.html
54,2011 Toyota Prius ... Only 77K Miles ... Excellent Shape ... Must See,Toyota,Prius,2011, excellent, 4 cylinders, fwd, gas, 77447, blue,, clean, automatic, hatchback,$9999, JTDKN3DU9B1461557,https://losangeles.craigslist.org/wst/cto/d/2011-toyota-prius-only-77k/6709411899.html
55,Toyota Prius,Toyota,Prius,2014, good, 4 cylinders,, hybrid, 49000, white,, clean, other,,$14400,,https://losangeles.craigslist.org/wst/cto/d/toyota-prius/6709387407.html
56,"Toyota Prius hybrid 2012, Only 123mil.",Toyota,Prius,2012, like new, 4 cylinders, fwd, hybrid, 123000, white, compact, clean, automatic, hatchback,$10400,,https://losangeles.craigslist.org/lgb/cto/d/toyota-prius-hybrid-2012-only/6701881018.html
57,2013 Toyota Prius V original owner no accident,Toyota,Prius,2013, like new, 4 cylinders, fwd, hybrid, 100300, white,, clean, automatic, hatchback,$11900,,https://losangeles.craigslist.org/lac/cto/d/2013-toyota-prius-original/6707224412.html
58,2008 Toyota Prius,Toyota,Prius,2008, excellent, 4 cylinders, fwd, hybrid, 238000, silver,, clean, automatic, hatchback,$5500,,https://losangeles.craigslist.org/sfv/cto/d/2008-toyota-prius/6709302795.html
59,2013 Toyota Prius,Toyota,Prius,2013, excellent, 4 cylinders, fwd, gas, 110000, silver, compact, clean, automatic, sedan,$11000,,https://losangeles.craigslist.org/sfv/cto/d/2013-toyota-prius/6709278306.html
60,2017 Toyota Prius Four Hybrid Leather Camera Sonar LKA GPS 19k mi.,Toyota,Prius,2017, excellent, 4 cylinders, fwd, gas, 19000, silver,, salvage, automatic, hatchback,$15995,,https://losangeles.craigslist.org/lgb/cto/d/2017-toyota-prius-four-hybrid/6709236720.html
61,2009 Toyota Prius clean title clean carfax camera 178k,Toyota,Prius,2009, excellent, 4 cylinders, fwd, hybrid, 178925, green, compact, clean, automatic, hatchback,$4250,,https://losangeles.craigslist.org/wst/cto/d/2009-toyota-prius-clean-title/6707405633.html
62,2017 Toyota Prius Four Hybrid Leather Camera Sonar LKA BSM 19k mi.,Toyota,Prius,2017, excellent, 4 cylinders, fwd, gas, 19000, silver, compact, salvage, automatic,,$15995,,https://losangeles.craigslist.org/wst/cto/d/2017-toyota-prius-four-hybrid/6701051855.html
63,2013 Prius Plug In,Toyota,Prius,2013, good, other, fwd, hybrid, 108000, silver, compact, clean, automatic, sedan,$11000,,https://losangeles.craigslist.org/sgv/cto/d/2013-prius-plug-in/6700578497.html
64,2011 Toyota Prius - One Owner - Dealer Maintained,Toyota,Prius,2011, excellent, 4 cylinders, fwd, hybrid, 83500, white, mid-size, clean, automatic, hatchback,$10500,,https://losangeles.craigslist.org/sgv/cto/d/2011-toyota-prius-one-owner/6709145428.html
65,2015 Toyota Prius- clean title,Toyota,Prius,2015, excellent, 4 cylinders, fwd, hybrid, 53000, grey, full-size, clean, automatic, hatchback,$10700,,https://losangeles.craigslist.org/sfv/cto/d/2015-toyota-prius-clean-title/6709083375.html
66,"2011 TOYOTA PRIUS  (2005,2006, 2009, 2008, 2010)",Toyota,Prius,2011, excellent,,, gas, 121000, silver,, clean, automatic, hatchback,$7999,,https://losangeles.craigslist.org/lac/cto/d/2011-toyota-prius/6709036260.html
67,2010 Toyota Prius,Toyota,Prius,2010, excellent,,, gas, 111000, silver,, salvage, automatic,,$7500,,https://losangeles.craigslist.org/sfv/cto/d/2010-toyota-prius/6704951560.html
68,Toyota Prius 2010~Clean title~54mpg~Tag jun 2019+Smog+GPS=ESPECIAL,Toyota,Prius,2010, excellent, 4 cylinders, fwd, gas, 75319, black, mid-size, clean, automatic, sedan,$8990,,https://losangeles.craigslist.org/wst/cto/d/toyota-prius-2010clean/6708977571.html
69,2009 Toyota Prius,Toyota,Prius,2009, good, 4 cylinders, fwd, gas, 110729, white, compact, clean, automatic,,$6500, JTDKB20U293493094,https://losangeles.craigslist.org/wst/cto/d/2009-toyota-prius/6708962043.html
70,2010 TOYOTA PRIUS HATCHBACK AUTOMATIC 1-OWNER CLEAN TITLE,Toyota,Prius,2010, like new, 4 cylinders,, gas, 141214,,, clean, automatic,,$6990, JTDKN3DU3A5101742,https://losangeles.craigslist.org/lac/cto/d/2010-toyota-prius-hatchback/6686920804.html
71,"2010 TOYOTA PRIUS (2008,2009, 2011, 2012)",Toyota,Prius,2010, excellent,,, gas, 128000, silver,, clean, automatic, hatchback,$7500,,https://losangeles.craigslist.org/lac/cto/d/2010-toyota-prius/6708931569.html
72,"2010 Toyota Prius clean title, one owner, no accident",Toyota,Prius,2010, excellent, 4 cylinders, fwd, hybrid, 223900, white, compact, clean, automatic, hatchback,$6100,,https://losangeles.craigslist.org/sgv/cto/d/2010-toyota-prius-clean-title/6708937282.html
73,"2012 TOYOTA PRIUS C  (2010,2011,2014,2015,2016)",Toyota,Prius,2012, like new,,, gas, 119000, silver,, clean, automatic, sedan,$7900,,https://losangeles.craigslist.org/lac/cto/d/2012-toyota-prius/6708933996.html
74,"2016 Toyota Prius C , One Owner, Clean Title, Like New, Low Mileage",Toyota,Prius,2016, like new, 4 cylinders, fwd, hybrid, 20126, blue, compact, clean, automatic, hatchback,$14900,,https://losangeles.craigslist.org/wst/cto/d/2016-toyota-prius-one-owner/6707135354.html
75,2013 Toyota Prius C Hybrid 1st Owner Dealer SERVICED since NEW,Toyota,Prius,2013, like new, 4 cylinders, fwd, hybrid, 149440, black, mid-size, clean, automatic, hatchback,$7850,,https://losangeles.craigslist.org/sfv/cto/d/2013-toyota-prius-hybrid-1st/6704766963.html
76,2017 Toyota prius 3,Toyota,Prius,2017, like new, 4 cylinders, fwd, hybrid, 3000, silver, compact, salvage, automatic, hatchback,$18900,,https://losangeles.craigslist.org/lac/cto/d/2017-toyota-prius-3/6698238482.html
77,2015 TOYOTA PRIUS C,Toyota,Prius,2015, excellent, 4 cylinders, fwd, hybrid, 66000, silver, compact, clean, automatic, hatchback,$10950,,https://losangeles.craigslist.org/lac/cto/d/2015-toyota-prius/6699406289.html
78,2015 TOYOTA PRIUS C,Toyota,Prius,2015, excellent, 4 cylinders, fwd, hybrid, 66000, silver, compact, clean, automatic, hatchback,$10950,,https://losangeles.craigslist.org/lac/cto/d/2015-toyota-prius/6704666572.html
79,Toyota Prius prime advanced plug in hybrid  2017,Toyota,Prius,2017, like new, 4 cylinders, fwd, electric, 32000, silver, full-size, salvage, automatic, hatchback,$22300,,https://losangeles.craigslist.org/sfv/cto/d/toyota-prius-prime-advanced/6705855909.html
80,"2013 Prius C--low miles, clean title, excellent condition!",Toyota,Prius,2013, excellent, 4 cylinders, fwd, hybrid, 50000, black, compact, clean, automatic, hatchback,$13999,,https://losangeles.craigslist.org/wst/cto/d/2013-prius-low-miles-clean/6708543683.html
81,2015 TOYOTA PRIUS II Perfect condition,Toyota,Prius,2015, like new, 4 cylinders, fwd, hybrid, 27868, white, compact, clean, automatic, sedan,$16900, JTDKN3DU1F1984075,https://losangeles.craigslist.org/lac/cto/d/2015-toyota-prius-ii-perfect/6708411996.html
82,2011 Toyota Prius,Toyota,Prius,2011, excellent,,, hybrid, 190000,,, clean, automatic,,$6999,,https://losangeles.craigslist.org/wst/cto/d/2011-toyota-prius/6696459271.html
83,2010 Toyota Prius,Toyota,Prius,2010, like new, 4 cylinders,, hybrid, 165824, grey,, clean, automatic,,$7999, JTDKN3DU6A1221641,https://losangeles.craigslist.org/lac/cto/d/2010-toyota-prius/6708278390.html
84,"TOYOTA PRIUS 2010 DRIVES EXCELLENT, NEW BREAKS, NEW SHOCKS , GREATTIRE",Toyota,Prius,2010, good, 4 cylinders, fwd, hybrid, 90000, orange, full-size, salvage, automatic, hatchback,$3800, JTDKN3DUXA0158601,https://losangeles.craigslist.org/sgv/cto/d/toyota-prius-2010-drives/6694718785.html
85,Car,Toyota,Prius,2008, good, 4 cylinders,, hybrid, 178, blue,, salvage, automatic, hatchback,$3800,,https://losangeles.craigslist.org/lac/cto/d/car/6690199818.html
86,2010 Toyota Prius,Toyota,Prius,2010, like new, 4 cylinders,, hybrid, 169327, red,, clean, automatic,,$7999, JTDKN3DU4A0155581,https://losangeles.craigslist.org/lac/cto/d/2010-toyota-prius/6708254208.html
87,2008 TOYOTA PRIUS,Toyota,Prius,2008, excellent, 4 cylinders, fwd, gas, 160000, black, compact, salvage, automatic, hatchback,$4700,,https://losangeles.craigslist.org/sfv/cto/d/2008-toyota-prius/6708203338.html
88,2012 Toyota Prius plug in clean title carfax 191k Nav HOV Stickers,Toyota,Prius,2012, excellent, 4 cylinders, fwd, hybrid, 191252, blue, compact, clean, automatic, hatchback,$6300,,https://losangeles.craigslist.org/wst/cto/d/2012-toyota-prius-plug-in/6708184827.html
89,2015 TOYOTA PRIUS,Toyota,Prius,2015, like new, 4 cylinders, fwd, gas, 48650, silver, mid-size, clean, automatic, hatchback,$13900, JTDKN3DUXF0420379,https://losangeles.craigslist.org/sfv/cto/d/2015-toyota-prius/6708174391.html
90,2011 Toyota Prius,Toyota,Prius,2011, excellent,,, hybrid, 110923, grey,, salvage, automatic,,$6500,,https://losangeles.craigslist.org/sfv/cto/d/2011-toyota-prius/6685263200.html
91,2014 TOYOTA PRIUS,Toyota,Prius,2014, like new,,, hybrid, 21675, silver,, salvage, automatic, sedan,$10900, JTDKN3DUOEO379548,https://losangeles.craigslist.org/sfv/cto/d/2014-toyota-prius/6708155519.html
92,2012 toyota prius v,Toyota,Prius,2012, like new, 4 cylinders, fwd, gas, 126100, black, mid-size, clean, automatic, wagon,$9300, jtdzn3eu1c3033467,https://losangeles.craigslist.org/sfv/cto/d/2012-toyota-prius/6708117284.html
93,2017 Toyota Prius Four Hybrid Leather Camera Sonar LKA GPS 19k mi.,Toyota,Prius,2017, excellent, 4 cylinders, fwd, gas, 19000, silver,, salvage, automatic, hatchback,$15995,,https://losangeles.craigslist.org/lgb/cto/d/2017-toyota-prius-four-hybrid/6708020131.html
94,2016 Toyota Prius Two,Toyota,Prius,2016, excellent,,, hybrid, 30000,,, salvage, automatic,,$13900,,https://losangeles.craigslist.org/sfv/cto/d/2016-toyota-prius-two/6683404562.html
95,Toyota Prius two,Toyota,Prius,2012, good, 4 cylinders, fwd, hybrid, 95500, black, compact, clean, automatic, hatchback,$8700,,https://losangeles.craigslist.org/lgb/cto/d/toyota-prius-two/6687035780.html
96,2015 Toyota Prius Two *FINANCING AVAILABLE*,Toyota,Prius,2015, excellent,,, hybrid, 185000,,, clean, automatic,,$9000,,https://losangeles.craigslist.org/lgb/cto/d/2015-toyota-prius-two/6686980912.html
97,"2014 Toyota Prius ""Like new,clean Title""",Toyota,Prius,2014, like new, 4 cylinders, fwd, gas, 103000, grey,, clean, automatic,,$10400,,https://losangeles.craigslist.org/sfv/cto/d/2014-toyota-prius-like/6707689574.html
98,2014 Prius C,Toyota,Prius,2014, good, 4 cylinders, fwd, hybrid, 47, black,, lien, automatic,,$10500,,https://losangeles.craigslist.org/lgb/cto/d/2014-prius/6694728573.html
99,2009 Toyota Prius for sale,Toyota,Prius,2009, excellent, 4 cylinders, fwd, gas, 94050, blue, mid-size, clean, automatic, hatchback,$7900, 1G1FW6S09H4191066,https://losangeles.craigslist.org/sfv/cto/d/2009-toyota-prius-for-sale/6707678741.html
100,2010 Toyota Prius clean title (140k) Silver - $7200 (Calabasas),Toyota,Prius,2010, good, 4 cylinders, fwd, gas, 140000, silver, mid-size, clean, automatic, hatchback,$7200, JTDKN3DU3A1300331,https://losangeles.craigslist.org/sfv/cto/d/2010-toyota-prius-clean-title/6707562827.html
101,2011 Toyota Prius,Toyota,Prius,2011, excellent,,, hybrid, 110923, grey,, salvage, automatic,,$6500,,https://losangeles.craigslist.org/sfv/cto/d/2011-toyota-prius/6685265134.html
102,2013 Prius persona,Toyota,Prius,2013, excellent, 4 cylinders,, hybrid, 113000, white,, clean, automatic,,$10500,,https://losangeles.craigslist.org/wst/cto/d/2013-prius-persona/6707531586.html
103,2015 Prius C Hybrid,Toyota,Prius,2015, like new, 4 cylinders, fwd, gas, 47900, black, compact, clean, automatic, hatchback,$14000,,https://losangeles.craigslist.org/sgv/cto/d/2015-prius-hybrid/6707494674.html
104,2009 TOYOTA PRIUS HYBRID CLEAN TITLE,Toyota,Prius,2009, good, 4 cylinders, fwd, hybrid, 182157,,, clean, automatic, sedan,$5777, JTDKB20U493539556,https://losangeles.craigslist.org/sfv/cto/d/2009-toyota-prius-hybrid/6707399129.html
105,2010 toyota prius hybrid,Toyota,Prius,2010, good, 4 cylinders, fwd, hybrid, 146000, silver, compact, clean, automatic,,$6300,,https://losangeles.craigslist.org/wst/cto/d/2010-toyota-prius-hybrid/6707362862.html
106,2010 Toyota Prius clean title one owner,Toyota,Prius,2010, excellent, 4 cylinders,, hybrid, 118000,,, clean, automatic,,$7995,,https://losangeles.craigslist.org/sgv/cto/d/2010-toyota-prius-clean-title/6704163508.html
107,2013 Toyota Prius V low 81k miles clean title,Toyota,Prius,2013, excellent,,, gas, 81791, red,, clean, automatic, hatchback,$12900,,https://losangeles.craigslist.org/lgb/cto/d/2013-toyota-prius-low-81k/6707323113.html
108,Toyota Prius 2009,Toyota,Prius,2009, good, 4 cylinders, fwd, hybrid, 170000, green, compact, clean, automatic, hatchback,$6000, JTDKB20UX97835027,https://losangeles.craigslist.org/wst/cto/d/toyota-prius-2009/6707283086.html
109,2014 Toyota Pirus II Silver w/Back up Camera - Very Good Condition,Toyota,Prius,2014, excellent,,, hybrid, 93500,,, clean, automatic,,$12500,,https://losangeles.craigslist.org/lgb/cto/d/2014-toyota-pirus-ii-silver/6707259559.html
110,Toyota Prius C 53MPG Low Mileage,Toyota,Prius,2014, good, 4 cylinders,, hybrid, 67000,,, salvage, automatic,,$7900,,https://losangeles.craigslist.org/wst/cto/d/toyota-prius-53mpg-low-mileage/6681920591.html
111,2012 Toyota Prius,Toyota,Prius,2012, excellent,,, gas, 80000,,, salvage, automatic,,$8700,,https://losangeles.craigslist.org/sfv/cto/d/2012-toyota-prius/6707087470.html
112,2013 Prius C by Owner Gas saver Excellent condition 150k Miles,Toyota,Prius,2013, excellent,,, hybrid, 150000, grey, compact, clean, automatic, hatchback,$6950,,https://losangeles.craigslist.org/sfv/cto/d/2013-prius-by-owner-gas-saver/6707073793.html
113,2015 Toyota Prius Two,Toyota,Prius,2015, excellent, 4 cylinders, fwd, gas, 67000, white, mid-size, clean, automatic, hatchback,$14000, JTDKN3DU3F2002508,https://losangeles.craigslist.org/wst/cto/d/2015-toyota-prius-two/6697103259.html
114,2011 Toyota Prius,Toyota,Prius,2011, good, 4 cylinders, fwd, gas, 217000, white, compact, clean, automatic, hatchback,$6100,,https://losangeles.craigslist.org/sgv/cto/d/2011-toyota-prius/6688560542.html
115,2012 Toyota Prius ! ! ! ONLY 43000 Miles ! ! !,Toyota,Prius,2012, like new, 4 cylinders,, hybrid, 43000,,, salvage, automatic,,$9500,,https://losangeles.craigslist.org/wst/cto/d/2012-toyota-prius-onlymiles/6704190839.html
116,2010 Toyota Prius IV Fully Loaded + Solar Package,Toyota,Prius,2010, excellent, 4 cylinders,, hybrid, 65690, silver,, clean, automatic, hatchback,$13000,,https://losangeles.craigslist.org/lac/cto/d/2010-toyota-prius-iv-fully/6688280259.html
117,2011 Toyota Prius Two CLEAN and Excellent,Toyota,Prius,2011, excellent, 4 cylinders, fwd, gas, 165000, blue,, clean, automatic,,$7000,,https://losangeles.craigslist.org/lac/cto/d/2011-toyota-prius-two-clean/6706753205.html
118,Toyota Prius C Three with Backup Camera,Toyota,Prius,2013, good, 4 cylinders, fwd, hybrid, 30211, blue, compact, lien, automatic, sedan,$13000,,https://losangeles.craigslist.org/lac/cto/d/toyota-prius-three-with/6706751838.html
119,2013 WHITE PRIUS w/ Navigation HYBRID 33K Miles Excellent Condition,Toyota,Prius,2013, excellent, 4 cylinders,, hybrid, 33000, white,, clean, automatic,,$15500, JTDKN3DUOD5678040,https://losangeles.craigslist.org/wst/cto/d/2013-white-prius-navigation/6706744135.html
120,2008 Toyota Prius,Toyota,Prius,2008, good, 4 cylinders, fwd, hybrid, 162000, black,, salvage, automatic, hatchback,$4400,,https://losangeles.craigslist.org/ant/cto/d/2008-toyota-prius/6684231853.html
121,2013 Black Toyota Prius,Toyota,Prius,2013, excellent, 4 cylinders,, hybrid, 78864, black,, clean, automatic,,$11800,,https://losangeles.craigslist.org/sfv/cto/d/2013-black-toyota-prius/6706713864.html
122,"2015 TOYOTA PRIUS Clean Title-BLUETOOTH, BACK-UP CAM. Hybrid Warranty",Toyota,Prius,2015, good, 4 cylinders, fwd, hybrid, 129000, white, full-size, clean, automatic, hatchback,$10500,,https://losangeles.craigslist.org/wst/cto/d/2015-toyota-prius-clean-title/6706677975.html
123,2011 Toyota Prius Two Hatchback 4D,Toyota,Prius,2011, good, 4 cylinders, fwd, gas, 74466, black, compact, clean, automatic, hatchback,$11000, JTDKN3DUXB0258120,https://losangeles.craigslist.org/lgb/cto/d/2011-toyota-prius-two/6702293675.html
124,2011 Toyota Prius Two Hatchback 4D,Toyota,Prius,2011, good, 4 cylinders, fwd, gas, 74466, black, compact, clean, automatic, hatchback,$11000, JTDKN3DUXB0258120,https://losangeles.craigslist.org/sgv/cto/d/2011-toyota-prius-two/6702300445.html
125,2012 Toyota Prius II,Toyota,Prius,2012, excellent, 4 cylinders, fwd, hybrid, 54500, white,, clean, automatic,,$10000,,https://losangeles.craigslist.org/lgb/cto/d/2012-toyota-prius-ii/6706432090.html
126,Toyota Prius Hybrid 2015,Toyota,Prius,2015, excellent,,, hybrid, 45097, silver,, clean, automatic,,$15300,,https://losangeles.craigslist.org/sfv/cto/d/toyota-prius-hybrid-2015/6696532016.html
127,Toyota Prius 2015,Toyota,Prius,2015, excellent,,, hybrid, 42149, white,, clean, automatic,,$16300,,https://losangeles.craigslist.org/sfv/cto/d/toyota-prius-2015/6696535133.html
128,2008 Toyota Prius,Toyota,Prius,2008, good, 4 cylinders, fwd, hybrid, 156100, white, compact, clean, automatic, hatchback,$5000,,https://losangeles.craigslist.org/lgb/cto/d/2008-toyota-prius/6706360266.html
129,"2015 Toyota Prius, Low miles Clean Title in great condition",Toyota,Prius,2015, excellent, 4 cylinders,, hybrid, 41000, black,, clean, automatic, hatchback,$14300,,https://losangeles.craigslist.org/sfv/cto/d/2015-toyota-prius-low-miles/6706359363.html
130,2014 Prius C,Toyota,Prius,2014, like new, 4 cylinders, fwd, gas, 34000, silver, compact, clean, automatic, hatchback,$13000, JTDKDTB31E1562903,https://losangeles.craigslist.org/wst/cto/d/2014-prius/6706331377.html
131,2014 Prius C (low miles),Toyota,Prius,2014, like new, 4 cylinders, fwd, hybrid, 33829, silver, compact, clean, automatic, hatchback,$13000,,https://losangeles.craigslist.org/wst/cto/d/2014-prius-low-miles/6703141543.html
132,2013 Toyota Prius Hybrid Plug-In,Toyota,Prius,2013, excellent, 4 cylinders, fwd, hybrid, 83000, white,, clean, other, hatchback,$12995,,https://losangeles.craigslist.org/wst/cto/d/2013-toyota-prius-hybrid-plug/6703448585.html
133,"2013 TOYOTA PRIUS  (2011,2012,2013,2015)",Toyota,Prius,2013, excellent,,, gas, 106000, grey,, clean, automatic,,$10500,,https://losangeles.craigslist.org/lac/cto/d/2013-toyota-prius/6706154588.html
134,EXCELLENT 2013 WHITE PRIUS HYBRID 33Kmiles w/Navigation,Toyota,Prius,2013, excellent, 4 cylinders,, hybrid, 33000, white,, clean, automatic,,$15500, JTDKN3DU0D5678040,https://losangeles.craigslist.org/wst/cto/d/excellent-2013-white-prius/6700614727.html
135,EXCELLENT 2013 WHITE PRIUS HYBRID 33Kmiles w/Navigation,Toyota,Prius,2013, excellent, 4 cylinders,, hybrid, 33000, white,, clean, automatic,,$15500, JTDKN3DU0D5678040,https://losangeles.craigslist.org/wst/cto/d/excellent-2013-white-prius/6705779687.html
136,"2014 Toyota Prius C THREE 31,450 LOW MILES",Toyota,Prius,2014, excellent, 4 cylinders, fwd, hybrid, 31450, silver, compact, clean, automatic, hatchback,$12998, JTDKDTB33E1560733,https://losangeles.craigslist.org/sfv/cto/d/2014-toyota-prius-threelow/6705772446.html
137,2015 Toyota Prius 3,Toyota,Prius,2015, excellent, 4 cylinders, fwd, gas, 56861, black,, clean, automatic,,$17200, JTDKN3DU2F1915654,https://losangeles.craigslist.org/lac/cto/d/2015-toyota-prius-3/6683542646.html
138,2015 Toyota Prius,Toyota,Prius,2015, excellent, 4 cylinders, fwd, gas, 45291, white,, clean, automatic,,$19600, JTDKN3DU9F0463773,https://losangeles.craigslist.org/lac/cto/d/2015-toyota-prius/6683386879.html
139,2015 Toyota Prius 3 Certified PreOwned,Toyota,Prius,2015, like new, 4 cylinders, fwd, hybrid, 27233, white,, clean, automatic, hatchback,$17500,,https://losangeles.craigslist.org/wst/cto/d/2015-toyota-prius-3-certified/6696356596.html
140,Toyota prius,Toyota,Prius,2013, good,,, hybrid, 91000, white,, clean, automatic, sedan,$13000, JTDKN3DU1D1718990,https://losangeles.craigslist.org/lac/cto/d/toyota-prius/6705189308.html
141,2013 prius plung-in,Toyota,Prius,2013, like new, 4 cylinders, fwd, hybrid, 59450, grey, compact, clean, automatic, hatchback,$13500,,https://losangeles.craigslist.org/sgv/cto/d/2013-prius-plung-in/6705143190.html
142,2010 Toyota Prius Salvaged Low Miles  53000,Toyota,Prius,2010, excellent, 4 cylinders, fwd, hybrid, 53000, grey, compact, salvage, automatic, hatchback,$5999, JTDKN3DU0A1312985,https://losangeles.craigslist.org/sfv/cto/d/2010-toyota-prius-salvaged/6705050751.html
143,2012 Toyota Prius plug-in Carpool / HOV lane access,Toyota,Prius,2012, excellent,, fwd, hybrid, 96000, white,, salvage, automatic, hatchback,$9500,,https://losangeles.craigslist.org/wst/cto/d/2012-toyota-prius-plug-in/6687046144.html
144,2009 Toyota Prius Hybrid,Toyota,Prius,2009, excellent, 4 cylinders, fwd, hybrid, 154000, silver,, salvage, automatic, sedan,$4300,,https://losangeles.craigslist.org/sfv/cto/d/2009-toyota-prius-hybrid/6680424755.html
145,"2010 Toyota Prius - Low Mileage, Leather Seats, Navigation",Toyota,Prius,2010, good, 4 cylinders,, hybrid, 123000, grey,, salvage, automatic,,$6200,,https://losangeles.craigslist.org/lac/cto/d/2010-toyota-prius-low-mileage/6704852990.html
146,TOYOTA PRIUS,Toyota,Prius,2015, excellent, 4 cylinders, fwd, gas, 035000, white, compact, clean, automatic, hatchback,$13500,,https://losangeles.craigslist.org/lac/cto/d/toyota-prius/6692941270.html
147,2015 Toyota Prius,Toyota,Prius,2015, excellent, 4 cylinders, fwd, hybrid, 70000, grey, compact, clean, automatic,,$13000,,https://losangeles.craigslist.org/lgb/cto/d/2015-toyota-prius/6704773781.html
148,Prius II 2011 for sale by original owner,Toyota,Prius,2011, good, other, fwd, hybrid, 81223, grey,, clean, automatic, hatchback,$9500,,https://losangeles.craigslist.org/sfv/cto/d/prius-ii-2011-for-sale-by/6704702509.html
149,2010 Toyota Prius III,Toyota,Prius,2010, excellent, 4 cylinders, fwd, hybrid, 143000, white, compact, clean, automatic, hatchback,$7950,,https://losangeles.craigslist.org/sfv/cto/d/2010-toyota-prius-iii/6701988207.html
150,2013 Prius Persona Special Edition,Toyota,Prius,2013, like new,,, hybrid, 113000,,, clean, automatic,,$10000,,https://losangeles.craigslist.org/lac/cto/d/2013-prius-persona-special/6704619002.html
151,2009 Toyota Prius clean title clean carfax camera 178k,Toyota,Prius,2009, excellent, 4 cylinders, fwd, hybrid, 178925,, compact, clean, automatic, hatchback,$4300,,https://losangeles.craigslist.org/wst/cto/d/2009-toyota-prius-clean-title/6704579354.html
152,2010 TOYOTA PRIUS IV WHITE COLOR,Toyota,Prius,2010, excellent,,, gas, 72000, white, full-size, salvage, automatic, sedan,$8300,,https://losangeles.craigslist.org/sfv/cto/d/2010-toyota-prius-iv-white/6704265248.html
153,2010 TOYOTA PRIUS IV WHITE COLOR,Toyota,Prius,2010, excellent,,, gas, 72000, white, full-size, salvage, automatic, sedan,$8300,,https://losangeles.craigslist.org/sfv/cto/d/2010-toyota-prius-iv-white/6704265024.html
154,2014 TOYOTA PRIUS C CLEAN TITLE,Toyota,Prius,2014, excellent, 4 cylinders, fwd, gas, 59000, grey,, clean, automatic,,$10500,,https://losangeles.craigslist.org/wst/cto/d/2014-toyota-prius-clean-title/6678481430.html
155,2008 Toyota Prius Low Miles 60k Hybrid,Toyota,Prius,2008, good, 4 cylinders, fwd, hybrid, 60000, grey, compact, salvage, automatic, hatchback,$6100,,https://losangeles.craigslist.org/lgb/cto/d/2008-toyota-prius-low-miles/6696462113.html
156,2009 TOYOTA PRIUS HYBRID,Toyota,Prius,2009, good, 4 cylinders, fwd, hybrid, 98434, blue, compact, clean, automatic, sedan,$5300, JN34M3MLS4345KM,https://losangeles.craigslist.org/lac/cto/d/2009-toyota-prius-hybrid/6700095358.html
157,2010 Toyota Prius Two,Toyota,Prius,2010, excellent, 4 cylinders, fwd, hybrid, 46333, grey, full-size, clean, automatic, hatchback,$10800,,https://losangeles.craigslist.org/lac/cto/d/2010-toyota-prius-two/6703790611.html
158,2015 Prius Hybrid-Salvage Title,Toyota,Prius,2015, like new, 4 cylinders, fwd, gas, 19786, white, mid-size, salvage, automatic, hatchback,$13500, JTDKN3DU7F0465487,https://losangeles.craigslist.org/sfv/cto/d/2015-prius-hybrid-salvage/6703313475.html
159,"Toyota Prius 99k mi, price lowered",Toyota,Prius,2012, good,,, hybrid, 99600,,, clean, automatic,,$8900, JTDKN3DUXC5446236,https://losangeles.craigslist.org/sfv/cto/d/toyota-prius-99k-mi-price/6700013461.html
160,2015 Toyota Prius,Toyota,Prius,2015, excellent,,, hybrid, 61512, grey,, salvage, automatic,,$8950,,https://losangeles.craigslist.org/sfv/cto/d/2015-toyota-prius/6703255612.html
161,2014 Toyota Prius (75k miles),Toyota,Prius,2014, good, 4 cylinders, fwd, gas, 75000, grey, compact, clean, automatic, hatchback,$13500, Jtdkn3du4e0358458,https://losangeles.craigslist.org/lac/cto/d/2014-toyota-prius-75k-miles/6697779240.html
162,2015 Pristine Toyota Prius,Toyota,Prius,2015, excellent, 4 cylinders, fwd, hybrid, 70233, grey, compact, clean, automatic, sedan,$15500, JTDKN3DUF192638,https://losangeles.craigslist.org/lac/cto/d/2015-pristine-toyota-prius/6703095044.html
163,2010 Prius,Toyota,Prius,2010, excellent, 4 cylinders, fwd, hybrid, 230000, red, compact, clean, automatic, hatchback,$5499,,https://losangeles.craigslist.org/sgv/cto/d/2010-prius/6702986240.html
164,Toyota Prius / Hybrid / White Pearl,Toyota,Prius,2011, excellent, 4 cylinders,, hybrid, 125990, white, compact, clean, automatic, hatchback,$8900, JTDKN3DUXB0280330,https://losangeles.craigslist.org/sfv/cto/d/toyota-prius-hybrid-white/6681473211.html
165,2008 Toyota Prius Hybrid,Toyota,Prius,2008, good, 4 cylinders,, hybrid, 370000,,, clean, automatic, sedan,$2200,,https://losangeles.craigslist.org/lac/cto/d/2008-toyota-prius-hybrid/6702546069.html
166,2013 TOYOTA PRIUS V Van ONLY 25K ORIGINAL MILES,Toyota,Prius,2013, like new, 4 cylinders, fwd, hybrid, 25000, red, compact, salvage, automatic, van,$11650,,https://losangeles.craigslist.org/sfv/cto/d/2013-toyota-prius-van-only/6691307524.html
167,Hybrid Toyota Prius,Toyota,Prius,2010, good, 4 cylinders, fwd, hybrid, 107000, black, compact, clean, automatic, hatchback,$10500, JTDKN3DU9A5182911,https://losangeles.craigslist.org/lgb/cto/d/hybrid-toyota-prius/6702224487.html
168,Toyota Prius 2015,Toyota,Prius,2015, good,,, hybrid, 48000,,, salvage, automatic,,$8600,,https://losangeles.craigslist.org/lac/cto/d/toyota-prius-2015/6702168901.html
169,2015 TOYOTA PRIUS C,Toyota,Prius,2015, like new, 4 cylinders, fwd, hybrid, 65000, silver, compact, clean, automatic, sedan,$11850,,https://losangeles.craigslist.org/lac/cto/d/2015-toyota-prius/6701679492.html
170,2012 TOYOTA PRIUS THREE HATCHBACK 4D,Toyota,Prius,2012, excellent, 4 cylinders, fwd, hybrid, 108349, silver, mid-size, clean, automatic, hatchback,$9499, JTDKN3DU9C1481213,https://losangeles.craigslist.org/lac/cto/d/2012-toyota-prius-three/6676524595.html
171,2010 Toyota Yaris,Toyota,Prius,2010, excellent, 4 cylinders, fwd, hybrid, 150000, silver,, clean, automatic, hatchback,$8000,,https://losangeles.craigslist.org/sfv/cto/d/2010-toyota-yaris/6700804313.html
172,Toyota Prius Plug-In Hybrid 2012,Toyota,Prius,2012, excellent, 4 cylinders, fwd, hybrid, 114500, blue, compact, clean, automatic, hatchback,$9500, JTDKN3DP6C3007718,https://losangeles.craigslist.org/lgb/cto/d/toyota-prius-plug-in-hybrid/6700758415.html
173,2015 TOYOTA PRIUS C,Toyota,Prius,2015, like new, 4 cylinders, fwd, hybrid, 65000, silver, compact, clean, automatic, sedan,$11850,,https://losangeles.craigslist.org/lac/cto/d/2015-toyota-prius/6700683484.html
174,2017 Toyota Prius Four in EXCELLENT Condtion,Toyota,Prius,2017, excellent,,, hybrid, 16000, silver,, clean, automatic,,$24995, JTDKARFU0H3046524,https://losangeles.craigslist.org/sfv/cto/d/2017-toyota-prius-four-in/6692238338.html
175,EXCELLENT 2013 WHITE PRIUS HYBRID 33Kmiles w/Navigation,Toyota,Prius,2013, excellent, 4 cylinders,, hybrid, 33000, white,, clean, automatic,,$15500, JTDKN3DU0D5678040,https://losangeles.craigslist.org/wst/cto/d/excellent-2013-white-prius/6700614476.html
176,EXCELLENT 2013 WHITE PRIUS HYBRID 33Kmiles w/Navigation,Toyota,Prius,2013, excellent, 4 cylinders,, hybrid, 33000, white,, clean, automatic,,$15500, JTDKN3DU0D5678040,https://losangeles.craigslist.org/wst/cto/d/excellent-2013-white-prius/6700614140.html
177,2013 WHITE PRIUS w/ Navigation HYBRID 33K Miles BK Excellent Condition,Toyota,Prius,2013, excellent, 4 cylinders,, hybrid, 33000, white,, clean, automatic,,$15500, JTDKN3DUOD5678040,https://losangeles.craigslist.org/wst/cto/d/2013-white-prius-navigation/6700613836.html
178,EXCELLENT 2013 WHITE PRIUS HYBRID 33Kmiles w/Navigation,Toyota,Prius,2013, excellent, 4 cylinders,, hybrid, 33000, white,, clean, automatic,,$15500, JTDKN3DU0D5678040,https://losangeles.craigslist.org/wst/cto/d/excellent-2013-white-prius/6700613615.html
179,Toyota Prius 2010~Clean title~54mpg~Tag jun 2019+Smog+GPS=ESPECIAL,Toyota,Prius,2010, excellent, 4 cylinders, fwd, gas, 75319, black, mid-size, clean, automatic, sedan,$8990,,https://losangeles.craigslist.org/wst/cto/d/toyota-prius-2010clean/6700480846.html
180,2010 toyota prius,Toyota,Prius,2010, excellent, 4 cylinders, fwd, hybrid, 135000, white, sub-compact, clean, automatic, hatchback,$7999,,https://losangeles.craigslist.org/lac/cto/d/2010-toyota-prius/6700439745.html
181,2014 Prius For Sale,Toyota,Prius,2014, excellent, 4 cylinders, fwd, hybrid, 72254, black,, clean, automatic, hatchback,$13500, JTDKN3DU1E1743308,https://losangeles.craigslist.org/sfv/cto/d/2014-prius-for-sale/6700276706.html
182,2015 Toyota Prius Four *EXCELLENT CONDITION* Includes 2 year warranty!,Toyota,Prius,2015, excellent,,, hybrid, 63000, black,, clean, automatic, hatchback,$17999,,https://losangeles.craigslist.org/lac/cto/d/2015-toyota-prius-four/6691265554.html
183,"2017 TOYOTA PRIUS V NAVI WHITE 37,000MILES",Toyota,Prius,2017, like new,,, gas, 37000,,, clean, automatic,,$23595,,https://losangeles.craigslist.org/lac/cto/d/2017-toyota-prius-navi-white/6695498707.html
184,"2017 TOYOTA PRIUS V NAVI WHITE 37,000MILES",Toyota,Prius,2017, like new,,, gas, 37000,,, clean, automatic,,$23595,,https://losangeles.craigslist.org/lac/cto/d/2017-toyota-prius-navi-white/6695382715.html
185,"2017 TOYOTA PRIUS V NAVI WHITE 37,000MILES",Toyota,Prius,2017, like new,,, gas, 37000,,, clean, automatic,,$23595,,https://losangeles.craigslist.org/lac/cto/d/2017-toyota-prius-navi-white/6695382984.html
186,Toyota Prius 2013. 56k miles.,Toyota,Prius,2013, excellent,,, hybrid, 56000, blue,, salvage, automatic, hatchback,$10000,,https://losangeles.craigslist.org/sfv/cto/d/toyota-priusk-miles/6693010284.html
187,"2010 Toyota Prius - Low Mileage, Leather Seats, Navigation",Toyota,Prius,2010, good,,, hybrid, 123000, grey,, salvage, automatic,,$6300,,https://losangeles.craigslist.org/wst/cto/d/2010-toyota-prius-low-mileage/6698605984.html
188,2008 Toyota Prius,Toyota,Prius,2008, excellent, 4 cylinders, fwd, hybrid, 85000, red, compact, salvage, automatic, hatchback,$7500, JTDKB20U683454071,https://losangeles.craigslist.org/sfv/cto/d/2008-toyota-prius/6677516182.html
189,2015 TOYOTA PRIUS,Toyota,Prius,2015, like new, 4 cylinders, fwd, hybrid, 23123, white, sub-compact, clean, automatic, hatchback,$15800, JTDKN3DU8F0483111,https://losangeles.craigslist.org/sgv/cto/d/2015-toyota-prius/6696860719.html
190,2008 Toyota Prius Hybrid Drive Like New,Toyota,Prius,2008, like new, 4 cylinders,, gas, 128000, silver,, salvage, automatic, hatchback,$4500,,https://losangeles.craigslist.org/sfv/cto/d/2008-toyota-prius-hybrid/6696545621.html
191,Prius 4 2011,Toyota,Prius,2011, excellent, 4 cylinders,, hybrid, 75000, grey, compact, clean, automatic, hatchback,$11000,,https://losangeles.craigslist.org/sfv/cto/d/prius/6677526725.html
192,2010 Prius,Toyota,Prius,2010, excellent, 4 cylinders, fwd, hybrid, 230000, red, compact, clean, automatic, hatchback,$6499,,https://losangeles.craigslist.org/sgv/cto/d/2010-prius/6696218136.html
193,2010,Toyota,Prius,2010, excellent, 4 cylinders, fwd, hybrid, 135000, blue, compact, clean, automatic, hatchback,$7550, JTDKN3DU5A0003602,https://losangeles.craigslist.org/sfv/cto/d/2010/6672165571.html
194,2011 Toyota Prius (MUST SELL) TODAY,Toyota,Prius,2011, good, 4 cylinders,, gas, 105000, blue,, clean, automatic,,$8000,,https://losangeles.craigslist.org/sfv/cto/d/2011-toyota-prius-must-sell/6688577622.html
195,2011 Toyota Prius III  Great Vehicle for Uber or Lyft Driver,Toyota,Prius,2011, excellent, 4 cylinders, fwd, hybrid, 155593, white, compact, clean, automatic, hatchback,$7750, JTDKN3DU3B5325322,https://losangeles.craigslist.org/sfv/cto/d/2011-toyota-prius-iii-great/6695611035.html
196,2010 TOYOTA PRIUS,Toyota,Prius,2010, excellent, 4 cylinders, fwd, hybrid, 121000, black,, clean, automatic,,$7900, JTDKN3DU1A1096967,https://losangeles.craigslist.org/lac/cto/d/2010-toyota-prius/6695550135.html
197,2012 Toyota Prius - Clean Title,Toyota,Prius,2012, good, 4 cylinders,, hybrid, 131000, white,, clean, automatic, hatchback,$9400,,https://losangeles.craigslist.org/wst/cto/d/2012-toyota-prius-clean-title/6695309103.html
198,2016 Toyota Prius,Toyota,Prius,2016, excellent, 4 cylinders, fwd, hybrid, 34726,,, clean, automatic,,$23500, JTDKARFU8G3023717,https://losangeles.craigslist.org/lac/cto/d/2016-toyota-prius/6669914000.html
199,2010 Toyota Prius III,Toyota,Prius,2010, good, 4 cylinders, fwd, gas, 123456,, compact, clean, automatic, hatchback,$9900, JTDKN3DU5A0129216,https://losangeles.craigslist.org/lac/cto/d/2010-toyota-prius-iii/6669903377.html
200,2014 toyota Prius,Toyota,Prius,2014, good, 4 cylinders, fwd, gas, 110000, red, compact, salvage, automatic, sedan,$8950,,https://losangeles.craigslist.org/sfv/cto/d/2014-toyota-prius/6694757016.html
201,"2011 Toyota Prius - 74000miles - $10,500",Toyota,Prius,2011, excellent,,, hybrid, 74000, grey,, clean, automatic,,$10500,,https://losangeles.craigslist.org/wst/cto/d/2011-toyota-prius-74000miles/6694615105.html
202,2008 TOYOTA PRIUS,Toyota,Prius,2008, excellent, 4 cylinders,, hybrid, 162000, black, mid-size, clean, automatic, hatchback,$5997,,https://losangeles.craigslist.org/lac/cto/d/2008-toyota-prius/6694442870.html
203,2009 Toyota Prius,Toyota,Prius,2009, excellent, 4 cylinders,, gas, 142000, grey, mid-size, salvage, automatic, hatchback,$6600,,https://losangeles.craigslist.org/wst/cto/d/2009-toyota-prius/6694418364.html
204,2015 Toyota Prius 2,Toyota,Prius,2014, new,,, hybrid, 59330, silver,, clean, automatic,,$14500,,https://losangeles.craigslist.org/wst/cto/d/2015-toyota-prius-2/6674284130.html
205,toyota prius V,Toyota,Prius,2010, excellent, 4 cylinders, fwd, hybrid, 100350, blue, compact, clean, automatic, hatchback,$9200,,https://losangeles.craigslist.org/ant/cto/d/toyota-prius/6668368790.html
206,2011 Toyota prius,Toyota,Prius,2011, excellent, 4 cylinders, fwd, gas, 92000, silver,, clean, automatic, hatchback,$9500,,https://losangeles.craigslist.org/sfv/cto/d/2011-toyota-prius/6677043556.html
207,2012 Toyota Prius 69300mls,Toyota,Prius,2012, excellent,,, hybrid, 69300,,, salvage, automatic,,$9600,,https://losangeles.craigslist.org/sgv/cto/d/2012-toyota-prius-69300mls/6687979123.html
208,2016 toyota prius,Toyota,Prius,2016, like new, 4 cylinders, fwd, gas, 14500, white, full-size, clean, automatic, sedan,$22000,,https://losangeles.craigslist.org/sfv/cto/d/2016-toyota-prius/6675616542.html
209,2011 Toyota Prius,Toyota,Prius,2011, excellent, 4 cylinders, fwd, gas, 92000, silver, mid-size, clean, automatic, hatchback,$9500,,https://losangeles.craigslist.org/sfv/cto/d/2011-toyota-prius/6681218271.html
210,2011 Toyota Prius,Toyota,Prius,2011, excellent, 4 cylinders, fwd, gas, 92000, silver, mid-size, clean, automatic, hatchback,$9500,,https://losangeles.craigslist.org/sfv/cto/d/2011-toyota-prius/6682442280.html
211,2013 Toyota Prius. Clean Title. Low Miles. One owner,Toyota,Prius,2013, good,,, hybrid, 69148, silver,, clean, automatic,,$12500, JTDKN3DUID5600527,https://losangeles.craigslist.org/lac/cto/d/2013-toyota-prius-clean-title/6691765994.html
212,2008 Toyota Prius,Toyota,Prius,2008, good,,, gas, 200000,,, clean, automatic,,$4000,,https://losangeles.craigslist.org/sfv/cto/d/2008-toyota-prius/6691702451.html
213,2010 TOYOTA PRIUS,Toyota,Prius,2010, excellent, 4 cylinders, fwd, gas, 260000, blue, compact, clean, automatic, hatchback,$5500,,https://losangeles.craigslist.org/sgv/cto/d/2010-toyota-prius/6691665706.html
214,Toyota Prius Plug-In Advanced - Clean 50+ MPGs,Toyota,Prius,2014, good,, fwd, hybrid, 60500, grey, mid-size, clean, automatic, hatchback,$15500,,https://losangeles.craigslist.org/lgb/cto/d/toyota-prius-plug-in-advanced/6691328900.html
215,2017 Like New Toyota Prius,Toyota,Prius,2017, like new, 4 cylinders, fwd, hybrid, 4222, grey,, clean, automatic, hatchback,$25988, JTDKARFU0H3045101,https://losangeles.craigslist.org/sfv/cto/d/2017-like-new-toyota-prius/6690730453.html
216,2008 Toyota Prius,Toyota,Prius,2008, good,,, hybrid, 178000,,, clean, automatic, hatchback,$4000,,https://losangeles.craigslist.org/lac/cto/d/2008-toyota-prius/6690626822.html
217,2015 WHITE 4D TOYOTA PRIUS LOW MILEAGE,Toyota,Prius,2015, excellent,,, gas, 39000, white,, clean, automatic,,$15000, JTDKN3DU9F0425993,https://losangeles.craigslist.org/wst/cto/d/2015-white-4d-toyota-prius/6690229975.html
218,Toyota Prius C 2018 hybrid,Toyota,Prius,2018, new, 4 cylinders, fwd, hybrid, 2500, blue, sub-compact, clean, automatic, other,$21000, Jtdkdtb3451604829,https://losangeles.craigslist.org/lgb/cto/d/toyota-prius-2018-hybrid/6689930116.html
219,2014 Toyota Prius Plug-in Hybrid  Advanced Hatchback 4D,Toyota,Prius,2014, excellent,,, gas, 75650,,, clean, automatic,,$16500,,https://losangeles.craigslist.org/sgv/cto/d/2014-toyota-prius-plug-in/6689791651.html
220,"2010 Toyota Prius clean title, one owner, no accident",Toyota,Prius,2010, excellent, 4 cylinders, fwd, hybrid, 223900, white, compact, clean, automatic, hatchback,$6100,,https://losangeles.craigslist.org/sgv/cto/d/2010-toyota-prius-clean-title/6666458156.html
221,Prius,Toyota,Prius,2008, good, 4 cylinders, fwd, gas, 192000, grey, mid-size, salvage, automatic, hatchback,$4200,,https://losangeles.craigslist.org/lgb/cto/d/prius/6688443502.html
222,toyota prius,Toyota,Prius,2015, like new, 4 cylinders, fwd, gas, 42200, black, mid-size, salvage, automatic, hatchback,$12800, rdafts3435,https://losangeles.craigslist.org/sfv/cto/d/toyota-prius/6669112547.html
223,2014 Prius V 60k miles,Toyota,Prius,2014, excellent, other, fwd, hybrid, 60000, black, full-size, clean, automatic, wagon,$14999,,https://losangeles.craigslist.org/lgb/cto/d/2014-prius-60k-miles/6687209172.html
224,2011 Toyota Prius V Hybrid,Toyota,Prius,2011, good, 4 cylinders, fwd, hybrid, 81000, white, mid-size, salvage, automatic, hatchback,$7900, jtdkn3du1387955,https://losangeles.craigslist.org/sfv/cto/d/2011-toyota-prius-hybrid/6686718663.html
225,2015 toyota prius 2,Toyota,Prius,2015, good, 4 cylinders, fwd, hybrid, 153000, blue, compact, clean, automatic, hatchback,$8950,,https://losangeles.craigslist.org/sfv/cto/d/2015-toyota-prius-2/6686286184.html
